customer_id,conversion_date,revenue,total_touchpoints,first_touch_channel,last_touch_channel
4,2024-12-05 14:00:00,2897.37,6,Facebook_Ads,Direct
12,2024-08-01 02:00:00,2389.39,8,Instagram_Ads,Paid_Search
21,2024-11-29 00:00:00,3018.15,3,Facebook_Ads,Direct
22,2024-09-04 00:00:00,3718.42,5,Facebook_Ads,Direct
25,2024-09-03 21:00:00,2312.68,5,Facebook_Ads,Email
44,2024-09-09 08:00:00,2312.69,7,Organic_Search,Direct
48,2024-12-24 00:00:00,3763.37,5,Facebook_Ads,Email
50,2024-09-29 15:00:00,3113.95,3,Organic_Search,Email
53,2024-11-16 19:00:00,2124.42,3,Facebook_Ads,Email
57,2024-11-02 09:00:00,2934.05,4,Instagram_Ads,Email
60,2024-11-08 18:00:00,2129.27,7,Facebook_Ads,Email
63,2024-10-15 21:00:00,2127.42,5,Instagram_Ads,Direct
70,2024-08-28 11:00:00,2693.57,3,Instagram_Ads,Direct
73,2024-12-19 23:00:00,969.38,7,Facebook_Ads,Paid_Search
75,2024-12-19 00:00:00,1120.07,5,Paid_Search,Paid_Search
81,2024-12-22 00:00:00,2050.17,6,Paid_Search,Email
83,2024-12-16 14:00:00,1689.74,3,Facebook_Ads,Paid_Search
84,2024-08-11 21:00:00,2751.4,5,Instagram_Ads,Email
85,2024-10-10 15:00:00,1773.58,5,Facebook_Ads,Paid_Search
90,2024-11-06 15:00:00,1370.16,4,Paid_Search,Direct
93,2024-07-21 00:00:00,3672.52,6,Instagram_Ads,Email
98,2024-10-06 07:00:00,2319.38,5,Paid_Search,Organic_Search
103,2024-12-19 10:00:00,2554.02,7,Paid_Search,Email
106,2024-12-19 08:00:00,1360.2,8,Paid_Search,Email
109,2024-11-25 19:00:00,2064.49,5,Facebook_Ads,Paid_Search
119,2024-09-03 20:00:00,2588.74,7,Organic_Search,Email
124,2024-11-25 02:00:00,1579.21,7,Facebook_Ads,Direct
138,2024-07-19 22:00:00,2800.56,4,Paid_Search,Organic_Search
142,2024-12-08 23:00:00,2019.49,5,Paid_Search,Paid_Search
143,2024-10-21 08:00:00,2266.65,8,Facebook_Ads,Direct
144,2024-09-03 02:00:00,2018.63,3,Facebook_Ads,Direct
151,2024-11-05 10:00:00,3981.82,8,Paid_Search,Paid_Search
152,2024-08-19 20:00:00,2489.2,3,Paid_Search,Organic_Search
163,2024-09-24 11:00:00,1653.83,4,Instagram_Ads,Email
165,2024-10-20 09:00:00,3158.04,6,Instagram_Ads,Direct
167,2024-10-18 08:00:00,1523.33,8,Paid_Search,Organic_Search
171,2024-12-03 19:00:00,2667.09,3,Facebook_Ads,Email
172,2024-09-05 00:00:00,932.26,8,Organic_Search,Direct
173,2024-09-16 08:00:00,1437.45,3,Paid_Search,Organic_Search
175,2024-10-08 00:00:00,2657.49,4,Facebook_Ads,Email
194,2024-10-16 19:00:00,3090.77,8,Paid_Search,Email
200,2024-08-11 17:00:00,2637.09,6,Paid_Search,Email
212,2024-08-24 00:00:00,2407.48,4,Organic_Search,Organic_Search
214,2024-10-28 16:00:00,2259.12,4,Paid_Search,Direct
219,2024-08-25 03:00:00,1317.18,8,Instagram_Ads,Organic_Search
221,2024-07-24 14:00:00,1924.12,3,Paid_Search,Email
228,2024-10-07 06:00:00,2131.49,7,Paid_Search,Email
231,2024-12-02 13:00:00,3345.7,6,Organic_Search,Direct
241,2024-09-17 11:00:00,2774.89,8,Facebook_Ads,Direct
257,2024-08-20 21:00:00,1089.57,3,Paid_Search,Organic_Search
263,2024-08-25 03:00:00,2759.27,7,Paid_Search,Email
275,2024-11-03 00:00:00,2191.93,5,Instagram_Ads,Direct
288,2024-08-23 12:00:00,1958.46,3,Paid_Search,Paid_Search
289,2024-09-09 01:00:00,2989.34,6,Instagram_Ads,Direct
295,2024-08-02 16:00:00,3324.8,7,Paid_Search,Email
296,2024-10-02 13:00:00,3245.02,3,Paid_Search,Email
303,2024-10-30 04:00:00,1828.63,7,Facebook_Ads,Direct
307,2024-12-02 00:00:00,2252.63,4,Instagram_Ads,Organic_Search
308,2024-09-29 00:00:00,2765.01,8,Paid_Search,Direct
322,2024-07-31 13:00:00,3280.44,5,Paid_Search,Direct
326,2024-10-28 18:00:00,2116.66,4,Facebook_Ads,Direct
331,2024-08-18 12:00:00,2351.47,4,Facebook_Ads,Organic_Search
333,2024-10-12 21:00:00,1614.93,7,Paid_Search,Direct
334,2024-08-05 19:00:00,1543.03,6,Organic_Search,Direct
340,2024-08-30 13:00:00,3150.02,4,Paid_Search,Email
356,2024-08-05 05:00:00,3584.99,3,Organic_Search,Paid_Search
364,2024-12-14 12:00:00,2442.39,3,Paid_Search,Direct
365,2024-12-04 21:00:00,3302.83,8,Paid_Search,Direct
369,2024-11-30 03:00:00,2789.31,5,Instagram_Ads,Direct
372,2024-11-17 14:00:00,1983.9,7,Facebook_Ads,Direct
378,2024-09-05 11:00:00,2789.12,5,Instagram_Ads,Direct
386,2024-10-14 14:00:00,3730.43,5,Facebook_Ads,Paid_Search
390,2024-11-16 14:00:00,2471.34,8,Organic_Search,Email
393,2024-08-29 10:00:00,3751.71,5,Organic_Search,Email
396,2024-08-04 15:00:00,500.0,6,Instagram_Ads,Organic_Search
398,2024-08-05 00:00:00,3157.52,5,Paid_Search,Direct
409,2024-10-08 10:00:00,2569.64,7,Paid_Search,Email
417,2024-11-03 04:00:00,2260.79,4,Paid_Search,Direct
418,2024-12-11 21:00:00,2573.41,5,Instagram_Ads,Direct
426,2024-12-24 13:00:00,909.94,4,Paid_Search,Email
428,2024-09-16 01:00:00,2324.26,8,Facebook_Ads,Paid_Search
429,2024-11-23 10:00:00,2785.69,4,Facebook_Ads,Direct
441,2024-09-20 12:00:00,3682.32,5,Facebook_Ads,Email
442,2024-10-09 19:00:00,2085.38,6,Facebook_Ads,Direct
444,2024-09-01 12:00:00,1853.21,4,Facebook_Ads,Direct
459,2024-12-23 18:00:00,2098.59,7,Paid_Search,Paid_Search
468,2024-09-10 10:00:00,3232.32,7,Facebook_Ads,Direct
472,2024-09-22 09:00:00,2763.0,8,Facebook_Ads,Organic_Search
473,2024-12-06 02:00:00,2076.19,8,Instagram_Ads,Organic_Search
489,2024-09-16 20:00:00,2910.61,4,Facebook_Ads,Paid_Search
491,2024-08-30 16:00:00,2577.66,8,Paid_Search,Organic_Search
499,2024-10-23 02:00:00,3274.92,8,Instagram_Ads,Organic_Search
505,2024-09-18 00:00:00,1938.36,8,Paid_Search,Direct
508,2024-09-01 03:00:00,2237.87,6,Facebook_Ads,Direct
535,2024-09-01 07:00:00,2186.31,5,Facebook_Ads,Organic_Search
544,2024-09-07 18:00:00,1329.19,7,Paid_Search,Paid_Search
554,2024-09-23 16:00:00,2736.9,8,Organic_Search,Email
560,2024-11-08 10:00:00,2708.84,6,Organic_Search,Email
567,2024-07-30 00:00:00,2504.09,8,Paid_Search,Organic_Search
572,2024-09-12 23:00:00,2312.33,4,Paid_Search,Direct
578,2024-12-26 20:00:00,1367.7,4,Paid_Search,Paid_Search
590,2024-08-02 13:00:00,2163.48,8,Instagram_Ads,Email
598,2024-09-04 11:00:00,2225.83,8,Facebook_Ads,Paid_Search
601,2024-11-30 12:00:00,1858.18,4,Paid_Search,Direct
603,2024-11-18 02:00:00,2370.97,4,Facebook_Ads,Direct
604,2024-11-03 19:00:00,2823.24,5,Facebook_Ads,Direct
611,2024-11-08 12:00:00,4008.95,6,Organic_Search,Direct
626,2024-07-30 00:00:00,2639.66,6,Paid_Search,Paid_Search
627,2024-11-12 04:00:00,2706.04,5,Organic_Search,Organic_Search
633,2024-09-14 13:00:00,2440.44,3,Paid_Search,Email
636,2024-08-01 06:00:00,964.98,3,Paid_Search,Direct
641,2024-10-10 12:00:00,2478.79,5,Organic_Search,Paid_Search
649,2024-11-15 16:00:00,2548.18,7,Facebook_Ads,Email
650,2024-08-12 00:00:00,4470.59,4,Paid_Search,Email
677,2024-09-03 19:00:00,2346.11,8,Paid_Search,Organic_Search
683,2024-09-25 02:00:00,2741.24,5,Facebook_Ads,Paid_Search
684,2024-10-30 21:00:00,2472.23,7,Instagram_Ads,Organic_Search
686,2024-09-11 04:00:00,1565.06,8,Paid_Search,Organic_Search
693,2024-10-12 01:00:00,3414.26,6,Paid_Search,Paid_Search
695,2024-07-31 09:00:00,3101.55,7,Paid_Search,Email
696,2024-09-27 07:00:00,3132.83,8,Paid_Search,Email
705,2024-11-17 18:00:00,1772.49,7,Paid_Search,Paid_Search
738,2024-09-18 12:00:00,3622.24,5,Facebook_Ads,Email
739,2024-08-13 06:00:00,1378.52,7,Organic_Search,Email
756,2024-11-20 19:00:00,2969.49,4,Paid_Search,Direct
767,2024-10-16 14:00:00,4252.36,4,Paid_Search,Direct
769,2024-08-03 05:00:00,1707.57,7,Organic_Search,Direct
781,2024-08-13 21:00:00,2046.96,3,Organic_Search,Direct
790,2024-09-20 22:00:00,2579.72,4,Organic_Search,Direct
793,2024-12-24 23:00:00,2097.22,8,Facebook_Ads,Direct
818,2024-09-12 02:00:00,1259.47,6,Instagram_Ads,Email
830,2024-08-05 00:00:00,2554.85,5,Facebook_Ads,Email
850,2024-08-18 15:00:00,1650.16,3,Instagram_Ads,Paid_Search
865,2024-08-10 17:00:00,2878.87,8,Paid_Search,Email
868,2024-08-18 06:00:00,1764.46,4,Paid_Search,Direct
877,2024-08-09 02:00:00,3739.95,3,Facebook_Ads,Organic_Search
879,2024-10-03 13:00:00,1873.4,3,Facebook_Ads,Direct
892,2024-12-13 14:00:00,2242.35,5,Facebook_Ads,Paid_Search
895,2024-12-17 17:00:00,3150.81,7,Paid_Search,Direct
908,2024-10-26 21:00:00,1515.31,3,Paid_Search,Direct
919,2024-10-02 08:00:00,2681.97,3,Paid_Search,Paid_Search
937,2024-08-16 22:00:00,3545.71,3,Paid_Search,Organic_Search
940,2024-10-02 07:00:00,1214.01,7,Facebook_Ads,Direct
943,2024-10-20 13:00:00,2647.71,4,Paid_Search,Direct
947,2024-08-05 01:00:00,2707.91,7,Instagram_Ads,Paid_Search
963,2024-12-03 03:00:00,3125.46,8,Instagram_Ads,Paid_Search
972,2024-11-11 17:00:00,1510.44,5,Paid_Search,Email
973,2024-08-14 11:00:00,1443.63,3,Facebook_Ads,Email
974,2024-07-23 06:00:00,2917.55,5,Facebook_Ads,Direct
991,2024-07-22 08:00:00,2737.59,3,Paid_Search,Direct
1000,2024-08-07 20:00:00,2700.39,7,Paid_Search,Email
1003,2024-08-18 00:00:00,2777.16,6,Instagram_Ads,Paid_Search
1012,2024-11-25 22:00:00,1955.98,3,Instagram_Ads,Direct
1014,2024-11-25 01:00:00,2685.8,3,Instagram_Ads,Organic_Search
1021,2024-12-03 07:00:00,2734.46,8,Paid_Search,Direct
1023,2024-11-26 06:00:00,1928.52,3,Organic_Search,Organic_Search
1031,2024-08-09 23:00:00,3992.62,6,Instagram_Ads,Direct
1032,2024-09-07 10:00:00,2879.07,8,Facebook_Ads,Direct
1045,2024-09-13 02:00:00,1546.96,5,Facebook_Ads,Organic_Search
1046,2024-09-04 00:00:00,3025.24,5,Instagram_Ads,Paid_Search
1055,2024-10-30 11:00:00,1720.25,4,Instagram_Ads,Direct
1070,2024-08-01 12:00:00,3129.67,7,Instagram_Ads,Email
1073,2024-08-17 19:00:00,3426.88,6,Paid_Search,Direct
1074,2024-08-09 05:00:00,1843.45,8,Organic_Search,Organic_Search
1077,2024-10-25 08:00:00,3270.7,8,Instagram_Ads,Direct
1080,2024-12-19 15:00:00,2830.22,6,Paid_Search,Direct
1083,2024-09-27 16:00:00,3157.65,8,Facebook_Ads,Paid_Search
1089,2024-09-27 00:00:00,4017.43,7,Facebook_Ads,Organic_Search
1095,2024-10-08 12:00:00,2303.69,4,Facebook_Ads,Paid_Search
1099,2024-08-10 13:00:00,1897.01,8,Paid_Search,Email
1104,2024-11-10 15:00:00,1788.39,8,Instagram_Ads,Email
1107,2024-10-18 14:00:00,1847.35,7,Paid_Search,Paid_Search
1119,2024-07-11 21:00:00,2438.32,3,Organic_Search,Paid_Search
1130,2024-11-28 15:00:00,2772.92,5,Paid_Search,Direct
1139,2024-12-12 13:00:00,2721.35,5,Paid_Search,Paid_Search
1148,2024-10-30 13:00:00,3161.75,3,Paid_Search,Paid_Search
1149,2024-10-01 12:00:00,2510.4,7,Organic_Search,Email
1159,2024-08-14 01:00:00,3662.83,3,Facebook_Ads,Email
1174,2024-11-27 11:00:00,2288.27,8,Facebook_Ads,Direct
1179,2024-10-01 21:00:00,4676.14,8,Instagram_Ads,Direct
1190,2024-11-03 17:00:00,3000.53,6,Paid_Search,Email
1194,2024-09-26 16:00:00,1814.27,6,Paid_Search,Email
1198,2024-11-28 20:00:00,1643.29,8,Organic_Search,Email
1204,2024-12-14 09:00:00,2885.98,8,Paid_Search,Direct
1209,2024-09-19 12:00:00,2321.23,7,Paid_Search,Email
1216,2024-09-08 19:00:00,3071.2,3,Facebook_Ads,Paid_Search
1219,2024-10-27 13:00:00,2878.59,3,Facebook_Ads,Paid_Search
1220,2024-09-05 02:00:00,2441.74,7,Facebook_Ads,Organic_Search
1227,2024-07-24 19:00:00,1822.57,4,Instagram_Ads,Paid_Search
1233,2024-08-16 15:00:00,1288.12,8,Paid_Search,Email
1238,2024-08-28 13:00:00,2142.79,4,Paid_Search,Email
1257,2024-10-20 09:00:00,3185.12,7,Facebook_Ads,Organic_Search
1265,2024-12-15 19:00:00,2671.27,5,Paid_Search,Paid_Search
1268,2024-11-17 16:00:00,1503.41,4,Paid_Search,Paid_Search
1269,2024-12-13 01:00:00,2638.54,7,Paid_Search,Email
1274,2024-09-15 08:00:00,2808.25,5,Organic_Search,Direct
1277,2024-09-25 22:00:00,1792.91,7,Organic_Search,Paid_Search
1283,2024-08-17 07:00:00,2622.98,7,Facebook_Ads,Email
1287,2024-08-07 02:00:00,2546.57,5,Paid_Search,Direct
1288,2024-10-12 03:00:00,1585.62,6,Facebook_Ads,Paid_Search
1294,2024-08-30 14:00:00,2786.23,6,Facebook_Ads,Direct
1296,2024-07-22 20:00:00,2948.63,6,Instagram_Ads,Email
1311,2024-11-08 10:00:00,3366.44,4,Paid_Search,Email
1313,2024-08-30 07:00:00,3343.04,7,Instagram_Ads,Email
1317,2024-09-06 15:00:00,1397.86,8,Paid_Search,Email
1320,2024-11-10 13:00:00,1749.74,6,Facebook_Ads,Email
1322,2024-10-03 02:00:00,2912.03,5,Instagram_Ads,Organic_Search
1326,2024-07-31 09:00:00,2911.03,3,Paid_Search,Direct
1329,2024-11-29 17:00:00,2912.04,8,Paid_Search,Email
1333,2024-09-11 23:00:00,5582.19,6,Organic_Search,Direct
1334,2024-09-30 13:00:00,2956.71,6,Paid_Search,Paid_Search
1358,2024-11-09 00:00:00,3408.45,7,Facebook_Ads,Direct
1362,2024-09-21 08:00:00,3263.2,7,Paid_Search,Direct
1370,2024-07-31 10:00:00,3021.11,4,Facebook_Ads,Organic_Search
1378,2024-08-02 16:00:00,2247.78,5,Paid_Search,Paid_Search
1379,2024-07-31 03:00:00,3107.18,6,Instagram_Ads,Email
1385,2024-09-06 22:00:00,1881.74,6,Instagram_Ads,Organic_Search
1393,2024-11-13 03:00:00,2310.55,7,Instagram_Ads,Email
1395,2024-11-05 00:00:00,2111.71,6,Instagram_Ads,Organic_Search
1406,2024-07-24 16:00:00,2565.5,4,Paid_Search,Organic_Search
1408,2024-09-29 16:00:00,4351.73,7,Paid_Search,Direct
1417,2024-11-12 13:00:00,1006.19,6,Facebook_Ads,Paid_Search
1418,2024-11-12 11:00:00,3049.01,7,Organic_Search,Organic_Search
1419,2024-08-16 08:00:00,1209.83,6,Paid_Search,Direct
1425,2024-10-07 08:00:00,2122.45,5,Organic_Search,Direct
1432,2024-12-19 10:00:00,3371.16,7,Facebook_Ads,Paid_Search
1434,2024-08-26 05:00:00,2551.42,3,Paid_Search,Direct
1435,2024-09-19 09:00:00,1637.8,8,Paid_Search,Direct
1439,2024-07-23 18:00:00,1927.76,4,Instagram_Ads,Paid_Search
1442,2024-09-24 22:00:00,3043.68,4,Instagram_Ads,Organic_Search
1459,2024-08-12 04:00:00,1915.71,8,Facebook_Ads,Paid_Search
1460,2024-10-14 04:00:00,2673.17,6,Facebook_Ads,Direct
1467,2024-12-21 03:00:00,2536.46,5,Instagram_Ads,Direct
1475,2024-12-09 03:00:00,1978.72,7,Facebook_Ads,Email
1482,2024-09-17 17:00:00,4215.16,6,Paid_Search,Direct
1484,2024-09-23 02:00:00,3007.14,4,Facebook_Ads,Direct
1490,2024-12-14 18:00:00,879.89,7,Paid_Search,Paid_Search
1501,2024-12-16 20:00:00,2649.16,8,Paid_Search,Email
1502,2024-11-27 20:00:00,1970.57,3,Facebook_Ads,Email
1506,2024-12-16 23:00:00,3181.95,5,Facebook_Ads,Direct
1518,2024-12-01 12:00:00,1865.98,6,Paid_Search,Paid_Search
1530,2024-10-02 02:00:00,2408.21,7,Organic_Search,Email
1534,2024-12-03 21:00:00,2903.99,6,Instagram_Ads,Email
1540,2024-10-12 00:00:00,3192.6,5,Organic_Search,Direct
1544,2024-10-04 00:00:00,1539.76,6,Instagram_Ads,Direct
1551,2024-08-19 07:00:00,2232.4,4,Paid_Search,Email
1554,2024-11-22 15:00:00,2120.04,6,Paid_Search,Paid_Search
1559,2024-09-30 05:00:00,1977.34,3,Instagram_Ads,Email
1563,2024-11-07 15:00:00,3912.36,6,Paid_Search,Organic_Search
1578,2024-11-08 08:00:00,2823.99,5,Paid_Search,Paid_Search
1583,2024-07-30 23:00:00,1491.29,7,Instagram_Ads,Organic_Search
1592,2024-11-03 01:00:00,3234.29,3,Paid_Search,Paid_Search
1593,2024-12-17 07:00:00,4197.72,3,Facebook_Ads,Email
1604,2024-10-11 22:00:00,3325.97,6,Organic_Search,Email
1611,2024-11-08 00:00:00,1284.5,6,Paid_Search,Paid_Search
1617,2024-08-22 23:00:00,2112.61,6,Instagram_Ads,Paid_Search
1624,2024-12-07 01:00:00,3513.53,5,Paid_Search,Email
1628,2024-10-22 20:00:00,1933.86,5,Facebook_Ads,Paid_Search
1630,2024-08-14 01:00:00,2855.06,7,Paid_Search,Email
1631,2024-07-26 12:00:00,3119.71,4,Instagram_Ads,Email
1632,2024-08-07 21:00:00,1758.46,8,Facebook_Ads,Paid_Search
1644,2024-08-05 23:00:00,2452.38,5,Paid_Search,Direct
1647,2024-11-20 22:00:00,500.0,7,Paid_Search,Direct
1649,2024-10-10 07:00:00,1680.49,3,Paid_Search,Email
1651,2024-10-21 12:00:00,2297.95,5,Instagram_Ads,Organic_Search
1661,2024-10-31 13:00:00,1501.77,4,Paid_Search,Email
1686,2024-07-27 20:00:00,3805.93,8,Paid_Search,Email
1700,2024-12-22 20:00:00,1355.89,7,Paid_Search,Paid_Search
1703,2024-08-30 22:00:00,2147.96,4,Instagram_Ads,Direct
1711,2024-10-27 10:00:00,2604.59,4,Instagram_Ads,Organic_Search
1719,2024-09-20 15:00:00,3653.02,5,Organic_Search,Organic_Search
1720,2024-10-19 06:00:00,1351.31,8,Paid_Search,Organic_Search
1732,2024-09-28 11:00:00,3430.53,3,Organic_Search,Paid_Search
1757,2024-09-21 12:00:00,2508.19,7,Facebook_Ads,Email
1769,2024-07-30 15:00:00,1714.79,6,Organic_Search,Email
1780,2024-08-04 00:00:00,2869.68,5,Facebook_Ads,Email
1782,2024-09-18 05:00:00,2659.25,6,Facebook_Ads,Email
1787,2024-08-06 19:00:00,2019.83,5,Paid_Search,Paid_Search
1797,2024-09-25 15:00:00,2555.84,3,Paid_Search,Paid_Search
1800,2024-11-08 06:00:00,2191.75,3,Paid_Search,Direct
1804,2024-09-01 20:00:00,2590.81,6,Organic_Search,Email
1813,2024-08-12 16:00:00,3029.7,3,Paid_Search,Email
1816,2024-09-27 22:00:00,3768.81,4,Facebook_Ads,Direct
1822,2024-10-04 22:00:00,1509.75,8,Instagram_Ads,Organic_Search
1824,2024-10-31 08:00:00,4206.43,6,Organic_Search,Direct
1832,2024-08-26 19:00:00,938.33,8,Facebook_Ads,Email
1834,2024-08-15 21:00:00,2378.57,8,Instagram_Ads,Organic_Search
1862,2024-07-31 07:00:00,2970.65,4,Organic_Search,Email
1865,2024-07-19 18:00:00,2724.79,6,Organic_Search,Organic_Search
1870,2024-12-19 10:00:00,2001.84,6,Instagram_Ads,Email
1875,2024-10-23 02:00:00,2333.5,4,Paid_Search,Paid_Search
1881,2024-09-15 23:00:00,2105.6,6,Facebook_Ads,Direct
1884,2024-08-09 02:00:00,2028.51,4,Paid_Search,Paid_Search
1895,2024-07-23 13:00:00,3179.68,6,Instagram_Ads,Direct
1896,2024-09-24 11:00:00,2785.61,3,Organic_Search,Direct
1897,2024-10-06 23:00:00,1945.67,5,Organic_Search,Direct
1907,2024-11-30 15:00:00,3219.68,4,Paid_Search,Organic_Search
1912,2024-08-23 02:00:00,2745.84,8,Organic_Search,Email
1916,2024-08-31 13:00:00,3150.29,4,Paid_Search,Direct
1922,2024-11-25 17:00:00,3003.7,6,Facebook_Ads,Email
1924,2024-07-27 01:00:00,1836.8,6,Paid_Search,Email
1928,2024-10-02 00:00:00,2051.86,3,Organic_Search,Email
1935,2024-09-18 22:00:00,3097.83,8,Paid_Search,Paid_Search
1953,2024-10-24 08:00:00,2988.3,4,Paid_Search,Direct
1963,2024-07-29 12:00:00,2483.28,8,Instagram_Ads,Direct
1966,2024-12-08 15:00:00,2593.86,8,Paid_Search,Email
1968,2024-12-14 01:00:00,3522.13,8,Organic_Search,Organic_Search
1978,2024-09-22 00:00:00,2026.74,4,Instagram_Ads,Paid_Search
1989,2024-08-16 06:00:00,2937.68,4,Instagram_Ads,Paid_Search
1995,2024-11-28 19:00:00,2338.25,3,Instagram_Ads,Email
1999,2024-09-11 02:00:00,2325.86,3,Paid_Search,Direct
2003,2024-08-12 18:00:00,3379.02,3,Paid_Search,Organic_Search
2011,2024-11-09 16:00:00,3160.33,7,Instagram_Ads,Email
2020,2024-12-13 01:00:00,3150.81,6,Instagram_Ads,Email
2021,2024-11-30 19:00:00,3544.38,5,Facebook_Ads,Paid_Search
2031,2024-08-25 18:00:00,2516.8,8,Instagram_Ads,Paid_Search
2041,2024-09-21 13:00:00,3045.56,7,Instagram_Ads,Paid_Search
2052,2024-08-27 03:00:00,2251.79,8,Facebook_Ads,Direct
2054,2024-08-26 01:00:00,2759.33,8,Facebook_Ads,Organic_Search
2062,2024-10-17 05:00:00,2395.89,6,Paid_Search,Email
2069,2024-12-06 18:00:00,2577.6,3,Instagram_Ads,Email
2072,2024-08-21 23:00:00,2976.13,5,Paid_Search,Paid_Search
2075,2024-11-16 23:00:00,1845.42,4,Facebook_Ads,Organic_Search
2078,2024-10-20 08:00:00,4173.91,5,Instagram_Ads,Direct
2079,2024-08-07 10:00:00,1695.19,8,Paid_Search,Direct
2094,2024-11-30 21:00:00,1528.65,8,Paid_Search,Direct
2096,2024-11-30 15:00:00,3426.49,8,Paid_Search,Email
2100,2024-08-26 07:00:00,3133.33,6,Instagram_Ads,Organic_Search
2105,2024-10-05 19:00:00,2999.3,7,Paid_Search,Email
2106,2024-09-23 23:00:00,3002.68,8,Organic_Search,Email
2108,2024-10-14 06:00:00,2490.2,7,Facebook_Ads,Paid_Search
2110,2024-08-14 22:00:00,1782.2,3,Facebook_Ads,Email
2121,2024-10-06 06:00:00,2560.64,4,Paid_Search,Direct
2136,2024-10-23 17:00:00,1958.27,7,Paid_Search,Paid_Search
2137,2024-12-22 03:00:00,3280.1,4,Facebook_Ads,Organic_Search
2138,2024-11-20 23:00:00,2382.35,3,Paid_Search,Organic_Search
2148,2024-07-24 08:00:00,1839.6,6,Facebook_Ads,Email
2153,2024-12-05 14:00:00,2242.89,3,Facebook_Ads,Organic_Search
2156,2024-11-06 06:00:00,2830.35,8,Paid_Search,Email
2169,2024-10-05 13:00:00,2049.02,8,Organic_Search,Paid_Search
2182,2024-12-10 11:00:00,1842.22,5,Paid_Search,Direct
2185,2024-09-21 07:00:00,2694.95,3,Instagram_Ads,Paid_Search
2188,2024-08-20 20:00:00,2695.97,6,Instagram_Ads,Email
2192,2024-09-25 18:00:00,2094.45,4,Instagram_Ads,Paid_Search
2201,2024-12-19 07:00:00,2123.17,5,Paid_Search,Email
2207,2024-11-08 13:00:00,2685.64,6,Facebook_Ads,Email
2225,2024-12-22 00:00:00,1341.53,7,Organic_Search,Paid_Search
2226,2024-10-12 21:00:00,1374.03,7,Organic_Search,Email
2237,2024-09-15 07:00:00,1925.24,5,Paid_Search,Email
2244,2024-09-09 06:00:00,2329.24,4,Paid_Search,Email
2245,2024-11-23 06:00:00,2748.73,7,Paid_Search,Direct
2253,2024-09-16 04:00:00,3680.28,4,Paid_Search,Direct
2259,2024-08-06 12:00:00,3186.13,8,Facebook_Ads,Paid_Search
2269,2024-12-12 23:00:00,2372.05,7,Paid_Search,Paid_Search
2277,2024-12-14 06:00:00,2484.79,8,Paid_Search,Email
2291,2024-09-18 19:00:00,1697.98,6,Paid_Search,Paid_Search
2304,2024-11-21 13:00:00,2485.19,7,Instagram_Ads,Email
2330,2024-10-22 21:00:00,2269.07,4,Paid_Search,Email
2338,2024-08-01 04:00:00,2758.17,8,Facebook_Ads,Paid_Search
2339,2024-09-10 07:00:00,1838.22,4,Paid_Search,Email
2344,2024-11-28 10:00:00,2915.48,5,Facebook_Ads,Paid_Search
2355,2024-07-20 11:00:00,3726.19,6,Facebook_Ads,Direct
2367,2024-10-09 16:00:00,2412.99,4,Organic_Search,Email
2388,2024-11-15 19:00:00,2821.37,5,Paid_Search,Email
2391,2024-10-30 12:00:00,3052.12,8,Instagram_Ads,Paid_Search
2406,2024-11-03 01:00:00,2179.02,8,Paid_Search,Direct
2407,2024-10-08 03:00:00,2679.27,5,Facebook_Ads,Organic_Search
2410,2024-08-03 15:00:00,2510.07,7,Paid_Search,Email
2432,2024-09-17 15:00:00,2578.14,8,Instagram_Ads,Paid_Search
2442,2024-12-14 14:00:00,1881.59,6,Paid_Search,Paid_Search
2443,2024-07-26 13:00:00,2519.61,8,Facebook_Ads,Direct
2445,2024-08-10 21:00:00,2898.4,6,Organic_Search,Email
2449,2024-09-15 08:00:00,3660.91,7,Paid_Search,Email
2450,2024-11-21 16:00:00,3267.42,7,Paid_Search,Organic_Search
2458,2024-12-11 21:00:00,4222.55,3,Paid_Search,Organic_Search
2462,2024-08-31 00:00:00,1886.12,3,Paid_Search,Email
2479,2024-09-18 09:00:00,3197.86,7,Organic_Search,Direct
2487,2024-08-05 00:00:00,2646.67,7,Paid_Search,Organic_Search
2489,2024-09-15 00:00:00,4251.84,5,Instagram_Ads,Email
2493,2024-12-12 12:00:00,1853.36,3,Instagram_Ads,Organic_Search
2495,2024-09-30 04:00:00,1828.22,5,Paid_Search,Email
2496,2024-12-14 00:00:00,2020.49,4,Facebook_Ads,Direct
2499,2024-10-23 14:00:00,800.88,8,Paid_Search,Organic_Search
2507,2024-11-10 00:00:00,2079.4,6,Paid_Search,Organic_Search
2518,2024-11-28 13:00:00,1892.69,8,Paid_Search,Paid_Search
2521,2024-08-16 13:00:00,2620.32,6,Paid_Search,Email
2526,2024-11-21 23:00:00,2773.4,7,Paid_Search,Organic_Search
2529,2024-07-31 06:00:00,4000.94,8,Organic_Search,Organic_Search
2534,2024-09-14 09:00:00,3260.34,8,Facebook_Ads,Paid_Search
2548,2024-08-17 23:00:00,2038.48,5,Instagram_Ads,Email
2549,2024-09-07 14:00:00,1781.27,4,Paid_Search,Organic_Search
2552,2024-12-09 14:00:00,2893.54,6,Instagram_Ads,Organic_Search
2566,2024-09-24 00:00:00,1443.81,4,Paid_Search,Email
2567,2024-08-01 13:00:00,3965.17,5,Instagram_Ads,Direct
2568,2024-12-05 19:00:00,3443.55,4,Paid_Search,Direct
2569,2024-08-11 22:00:00,2124.66,4,Instagram_Ads,Paid_Search
2571,2024-12-11 18:00:00,1129.49,8,Paid_Search,Paid_Search
2584,2024-12-15 23:00:00,3583.1,6,Facebook_Ads,Direct
2587,2024-10-11 18:00:00,2408.37,4,Paid_Search,Direct
2591,2024-12-12 19:00:00,3490.25,3,Instagram_Ads,Paid_Search
2594,2024-11-14 08:00:00,1224.46,8,Instagram_Ads,Organic_Search
2595,2024-10-31 17:00:00,2020.5,3,Paid_Search,Paid_Search
2599,2024-09-30 15:00:00,2504.19,7,Instagram_Ads,Email
2613,2024-11-28 02:00:00,2537.58,5,Organic_Search,Paid_Search
2619,2024-12-01 05:00:00,2139.95,6,Paid_Search,Organic_Search
2638,2024-09-29 10:00:00,2998.28,4,Facebook_Ads,Direct
2643,2024-11-13 00:00:00,1645.9,8,Paid_Search,Paid_Search
2644,2024-11-11 01:00:00,2386.1,6,Facebook_Ads,Direct
2654,2024-08-09 21:00:00,2596.24,6,Organic_Search,Direct
2666,2024-09-15 11:00:00,2911.55,6,Paid_Search,Direct
2676,2024-09-05 21:00:00,3069.29,5,Facebook_Ads,Email
2679,2024-10-23 14:00:00,1600.29,5,Instagram_Ads,Organic_Search
2683,2024-07-26 20:00:00,1272.71,3,Paid_Search,Email
2696,2024-10-27 03:00:00,3522.14,3,Facebook_Ads,Email
2699,2024-10-19 10:00:00,2765.85,5,Paid_Search,Email
2711,2024-12-12 06:00:00,1901.21,3,Organic_Search,Email
2734,2024-10-17 16:00:00,3740.92,6,Facebook_Ads,Direct
2737,2024-10-20 19:00:00,2592.54,5,Organic_Search,Organic_Search
2738,2024-08-30 18:00:00,3443.44,7,Instagram_Ads,Direct
2745,2024-12-08 00:00:00,2554.01,7,Facebook_Ads,Email
2754,2024-09-09 03:00:00,4148.6,5,Facebook_Ads,Email
2759,2024-11-05 04:00:00,3904.27,5,Instagram_Ads,Email
2794,2024-10-24 19:00:00,2300.83,4,Paid_Search,Email
2795,2024-10-31 19:00:00,3277.26,5,Paid_Search,Email
2826,2024-08-10 09:00:00,3016.3,6,Paid_Search,Direct
2838,2024-11-28 07:00:00,3594.91,5,Paid_Search,Organic_Search
2842,2024-07-30 12:00:00,1728.06,8,Facebook_Ads,Email
2843,2024-12-20 03:00:00,3048.84,8,Facebook_Ads,Direct
2852,2024-10-24 14:00:00,3346.74,6,Paid_Search,Paid_Search
2855,2024-08-02 10:00:00,1093.01,4,Facebook_Ads,Direct
2856,2024-10-07 17:00:00,1553.39,6,Paid_Search,Organic_Search
2888,2024-10-16 23:00:00,868.61,4,Instagram_Ads,Organic_Search
2900,2024-07-30 22:00:00,2284.47,6,Paid_Search,Email
2914,2024-10-26 18:00:00,3074.03,6,Organic_Search,Email
2917,2024-09-30 00:00:00,3701.89,3,Paid_Search,Paid_Search
2925,2024-11-07 15:00:00,2559.28,6,Organic_Search,Direct
2928,2024-09-27 17:00:00,3802.89,4,Instagram_Ads,Direct
2934,2024-12-01 06:00:00,1395.92,5,Facebook_Ads,Email
2952,2024-09-14 11:00:00,1137.29,4,Paid_Search,Paid_Search
2956,2024-12-03 21:00:00,2455.56,5,Organic_Search,Direct
2967,2024-09-02 12:00:00,2807.25,6,Instagram_Ads,Direct
2977,2024-09-19 06:00:00,2473.84,5,Organic_Search,Email
2982,2024-09-05 20:00:00,846.05,8,Paid_Search,Email
2994,2024-09-25 09:00:00,2428.7,3,Instagram_Ads,Organic_Search
2997,2024-10-20 23:00:00,1456.42,6,Paid_Search,Direct
3000,2024-09-13 08:00:00,3035.74,7,Paid_Search,Paid_Search
3003,2024-08-13 16:00:00,2793.28,3,Paid_Search,Direct
3006,2024-10-20 15:00:00,1748.1,4,Instagram_Ads,Direct
3011,2024-10-19 08:00:00,2088.91,8,Facebook_Ads,Email
3014,2024-11-26 08:00:00,1652.63,7,Instagram_Ads,Email
3015,2024-09-03 23:00:00,2449.86,6,Facebook_Ads,Email
3017,2024-11-28 18:00:00,3264.11,5,Facebook_Ads,Email
3022,2024-09-22 18:00:00,1711.42,6,Instagram_Ads,Direct
3035,2024-08-25 15:00:00,2903.24,4,Paid_Search,Direct
3042,2024-11-04 17:00:00,2075.79,8,Paid_Search,Email
3045,2024-08-17 13:00:00,1865.7,4,Facebook_Ads,Paid_Search
3048,2024-12-22 06:00:00,2414.38,4,Facebook_Ads,Direct
3050,2024-09-25 09:00:00,1671.81,5,Organic_Search,Email
3053,2024-10-14 22:00:00,2057.08,5,Paid_Search,Direct
3067,2024-11-28 20:00:00,1541.7,5,Paid_Search,Email
3068,2024-11-01 01:00:00,4071.78,3,Instagram_Ads,Direct
3070,2024-08-16 19:00:00,2528.21,5,Paid_Search,Paid_Search
3071,2024-11-28 08:00:00,1940.22,7,Organic_Search,Direct
3078,2024-09-20 12:00:00,2671.18,4,Paid_Search,Direct
3083,2024-08-27 07:00:00,2410.14,4,Facebook_Ads,Direct
3102,2024-12-10 06:00:00,2323.22,6,Paid_Search,Direct
3109,2024-07-28 07:00:00,2991.33,6,Facebook_Ads,Email
3115,2024-11-13 03:00:00,3106.01,6,Facebook_Ads,Paid_Search
3135,2024-10-23 15:00:00,2075.6,3,Paid_Search,Direct
3138,2024-08-23 19:00:00,2039.35,6,Instagram_Ads,Direct
3144,2024-10-15 23:00:00,2279.96,8,Instagram_Ads,Paid_Search
3148,2024-09-01 01:00:00,658.46,3,Organic_Search,Email
3152,2024-11-24 04:00:00,1287.85,6,Paid_Search,Direct
3155,2024-11-15 03:00:00,3593.5,6,Instagram_Ads,Organic_Search
3156,2024-07-31 10:00:00,3815.97,6,Instagram_Ads,Organic_Search
3157,2024-10-08 00:00:00,2300.77,4,Paid_Search,Direct
3160,2024-10-31 13:00:00,2961.25,7,Paid_Search,Direct
3163,2024-08-29 07:00:00,2749.0,3,Paid_Search,Paid_Search
3177,2024-12-23 07:00:00,4963.1,5,Instagram_Ads,Email
3180,2024-09-02 10:00:00,3395.66,5,Instagram_Ads,Direct
3183,2024-07-21 22:00:00,2397.67,4,Organic_Search,Paid_Search
3186,2024-08-24 14:00:00,1735.57,6,Instagram_Ads,Direct
3187,2024-10-04 11:00:00,1214.84,8,Paid_Search,Email
3189,2024-11-04 02:00:00,2662.77,3,Paid_Search,Paid_Search
3193,2024-12-03 16:00:00,1894.92,3,Instagram_Ads,Direct
3194,2024-11-14 02:00:00,1362.2,6,Paid_Search,Direct
3195,2024-08-26 16:00:00,1982.74,7,Paid_Search,Email
3202,2024-07-16 09:00:00,1634.76,3,Paid_Search,Email
3211,2024-11-18 02:00:00,3849.71,8,Facebook_Ads,Email
3226,2024-08-04 19:00:00,3205.31,5,Facebook_Ads,Paid_Search
3238,2024-07-26 23:00:00,2493.62,5,Organic_Search,Organic_Search
3244,2024-12-10 23:00:00,3683.96,8,Organic_Search,Organic_Search
3245,2024-10-29 11:00:00,2561.89,5,Facebook_Ads,Direct
3253,2024-10-25 21:00:00,1810.97,8,Paid_Search,Paid_Search
3261,2024-11-03 07:00:00,3718.5,8,Organic_Search,Direct
3268,2024-08-03 15:00:00,2931.13,7,Paid_Search,Paid_Search
3270,2024-09-16 08:00:00,1670.2,5,Instagram_Ads,Email
3272,2024-09-01 16:00:00,2347.73,8,Paid_Search,Email
3281,2024-10-23 01:00:00,1799.51,3,Paid_Search,Direct
3329,2024-10-13 00:00:00,1393.76,8,Facebook_Ads,Email
3330,2024-08-19 20:00:00,3240.94,4,Organic_Search,Email
3332,2024-12-17 02:00:00,4027.53,7,Organic_Search,Email
3341,2024-08-09 12:00:00,1381.15,6,Paid_Search,Email
3345,2024-11-08 13:00:00,2950.38,7,Facebook_Ads,Direct
3348,2024-09-12 13:00:00,1979.49,6,Facebook_Ads,Direct
3355,2024-07-30 23:00:00,2110.3,8,Facebook_Ads,Email
3359,2024-11-23 15:00:00,2026.08,4,Paid_Search,Direct
3363,2024-11-17 09:00:00,1808.81,7,Paid_Search,Paid_Search
3368,2024-09-04 11:00:00,2538.82,4,Paid_Search,Direct
3382,2024-11-18 03:00:00,1835.24,5,Facebook_Ads,Paid_Search
3387,2024-10-12 07:00:00,2716.37,8,Paid_Search,Direct
3393,2024-08-22 23:00:00,2459.81,3,Paid_Search,Direct
3395,2024-08-15 19:00:00,2308.84,5,Facebook_Ads,Paid_Search
3397,2024-10-18 12:00:00,1773.95,5,Facebook_Ads,Email
3402,2024-10-06 10:00:00,2038.58,6,Instagram_Ads,Email
3406,2024-09-26 02:00:00,3104.31,4,Organic_Search,Direct
3412,2024-07-29 21:00:00,2900.73,4,Organic_Search,Email
3417,2024-10-15 19:00:00,1717.96,8,Paid_Search,Organic_Search
3426,2024-09-20 16:00:00,2579.47,4,Paid_Search,Paid_Search
3429,2024-10-01 23:00:00,3101.11,4,Paid_Search,Organic_Search
3439,2024-07-22 10:00:00,1164.48,6,Organic_Search,Direct
3444,2024-08-05 00:00:00,2934.69,7,Organic_Search,Direct
3445,2024-09-06 17:00:00,1969.9,8,Facebook_Ads,Paid_Search
3454,2024-09-18 07:00:00,2956.48,4,Paid_Search,Direct
3460,2024-09-18 00:00:00,1889.39,7,Paid_Search,Direct
3471,2024-10-29 10:00:00,1056.09,3,Organic_Search,Direct
3482,2024-08-13 01:00:00,1197.97,3,Organic_Search,Email
3486,2024-08-23 05:00:00,2538.47,8,Paid_Search,Paid_Search
3492,2024-09-04 11:00:00,2707.78,5,Facebook_Ads,Direct
3513,2024-11-24 06:00:00,1776.55,8,Organic_Search,Organic_Search
3515,2024-12-05 21:00:00,3010.87,6,Paid_Search,Direct
3524,2024-07-26 07:00:00,1170.78,8,Facebook_Ads,Direct
3536,2024-10-23 19:00:00,2447.14,7,Paid_Search,Direct
3539,2024-07-18 20:00:00,1531.19,8,Instagram_Ads,Email
3544,2024-10-29 11:00:00,1978.53,8,Facebook_Ads,Organic_Search
3554,2024-08-14 16:00:00,2537.92,7,Organic_Search,Organic_Search
3559,2024-10-03 22:00:00,1811.67,8,Paid_Search,Paid_Search
3562,2024-11-30 02:00:00,2192.36,4,Facebook_Ads,Direct
3565,2024-10-05 08:00:00,3305.03,6,Paid_Search,Direct
3569,2024-12-06 14:00:00,2038.49,3,Paid_Search,Paid_Search
3577,2024-10-08 09:00:00,3168.55,8,Instagram_Ads,Organic_Search
3585,2024-11-12 23:00:00,1596.23,8,Paid_Search,Direct
3586,2024-11-07 11:00:00,2923.84,4,Organic_Search,Email
3594,2024-08-27 15:00:00,3653.25,4,Facebook_Ads,Email
3610,2024-12-07 22:00:00,522.68,6,Paid_Search,Organic_Search
3612,2024-09-11 10:00:00,1862.48,7,Instagram_Ads,Organic_Search
3629,2024-12-15 15:00:00,2961.66,4,Organic_Search,Direct
3639,2024-11-04 09:00:00,2337.56,7,Organic_Search,Email
3648,2024-11-26 16:00:00,2796.92,7,Facebook_Ads,Organic_Search
3651,2024-09-25 17:00:00,2016.81,8,Organic_Search,Direct
3654,2024-08-28 08:00:00,2569.27,8,Paid_Search,Organic_Search
3655,2024-09-26 03:00:00,2375.46,3,Organic_Search,Email
3663,2024-08-25 19:00:00,3434.23,4,Paid_Search,Email
3664,2024-08-22 11:00:00,2703.54,6,Paid_Search,Direct
3673,2024-07-31 00:00:00,2770.08,7,Instagram_Ads,Email
3678,2024-10-03 04:00:00,2170.5,5,Instagram_Ads,Email
3681,2024-10-22 13:00:00,2109.92,8,Organic_Search,Email
3683,2024-09-21 04:00:00,2153.95,6,Organic_Search,Organic_Search
3684,2024-11-20 19:00:00,2815.56,3,Paid_Search,Email
3701,2024-08-29 00:00:00,2163.21,7,Facebook_Ads,Email
3702,2024-11-12 00:00:00,2731.82,4,Facebook_Ads,Direct
3706,2024-10-10 04:00:00,4160.32,3,Facebook_Ads,Organic_Search
3708,2024-08-20 08:00:00,3196.9,7,Instagram_Ads,Paid_Search
3714,2024-09-15 21:00:00,2239.18,5,Organic_Search,Direct
3727,2024-08-11 22:00:00,3460.97,7,Paid_Search,Email
3728,2024-11-02 00:00:00,2173.54,3,Paid_Search,Paid_Search
3730,2024-11-25 13:00:00,869.5,6,Organic_Search,Organic_Search
3737,2024-09-30 01:00:00,1693.53,6,Organic_Search,Email
3756,2024-07-22 22:00:00,1003.37,6,Facebook_Ads,Organic_Search
3760,2024-09-22 11:00:00,2218.79,8,Instagram_Ads,Email
3761,2024-10-14 13:00:00,2514.73,6,Facebook_Ads,Paid_Search
3764,2024-12-11 04:00:00,3841.15,7,Instagram_Ads,Direct
3767,2024-11-12 13:00:00,2761.54,8,Instagram_Ads,Email
3769,2024-10-25 19:00:00,2324.72,7,Organic_Search,Paid_Search
3772,2024-08-29 06:00:00,3163.52,4,Organic_Search,Email
3775,2024-09-03 18:00:00,731.09,5,Facebook_Ads,Organic_Search
3787,2024-11-27 00:00:00,2688.49,7,Organic_Search,Email
3791,2024-11-12 16:00:00,3116.69,7,Instagram_Ads,Paid_Search
3792,2024-08-23 12:00:00,1317.13,8,Facebook_Ads,Direct
3797,2024-10-28 19:00:00,3415.0,3,Paid_Search,Email
3810,2024-07-28 22:00:00,2770.8,5,Facebook_Ads,Direct
3817,2024-10-06 20:00:00,2167.77,4,Instagram_Ads,Email
3820,2024-09-19 12:00:00,3006.23,5,Facebook_Ads,Email
3825,2024-10-02 03:00:00,4316.55,8,Paid_Search,Email
3826,2024-09-11 22:00:00,2645.49,3,Paid_Search,Organic_Search
3838,2024-11-08 09:00:00,2698.58,3,Facebook_Ads,Email
3839,2024-10-21 09:00:00,2132.51,5,Paid_Search,Direct
3841,2024-10-24 02:00:00,1820.12,7,Organic_Search,Direct
3865,2024-11-01 08:00:00,3164.27,4,Paid_Search,Paid_Search
3870,2024-08-18 09:00:00,1815.13,7,Instagram_Ads,Email
3871,2024-11-11 01:00:00,2557.25,5,Organic_Search,Email
3873,2024-11-20 07:00:00,2117.87,3,Paid_Search,Email
3879,2024-08-12 01:00:00,2883.18,6,Paid_Search,Paid_Search
3886,2024-08-17 22:00:00,2766.93,7,Paid_Search,Paid_Search
3903,2024-12-09 16:00:00,3330.03,7,Organic_Search,Direct
3906,2024-12-01 10:00:00,2091.99,5,Paid_Search,Email
3917,2024-10-01 01:00:00,2284.1,4,Instagram_Ads,Paid_Search
3919,2024-08-09 16:00:00,1716.99,3,Facebook_Ads,Paid_Search
3953,2024-09-21 06:00:00,2144.57,8,Paid_Search,Organic_Search
3962,2024-08-20 00:00:00,2801.84,6,Instagram_Ads,Organic_Search
3968,2024-12-20 20:00:00,3105.59,4,Paid_Search,Direct
3972,2024-10-25 18:00:00,1762.27,6,Paid_Search,Email
3985,2024-11-07 08:00:00,3195.68,4,Paid_Search,Organic_Search
3993,2024-12-18 21:00:00,3584.51,7,Facebook_Ads,Paid_Search
4003,2024-08-15 03:00:00,2830.75,5,Paid_Search,Direct
4014,2024-09-07 01:00:00,4001.44,4,Facebook_Ads,Email
4020,2024-10-19 10:00:00,1880.97,8,Paid_Search,Direct
4061,2024-10-21 12:00:00,1504.28,4,Paid_Search,Direct
4077,2024-10-18 07:00:00,1077.02,3,Organic_Search,Organic_Search
4081,2024-11-23 10:00:00,3696.84,8,Facebook_Ads,Email
4083,2024-11-15 00:00:00,3023.49,4,Facebook_Ads,Organic_Search
4086,2024-10-21 09:00:00,2455.53,8,Facebook_Ads,Direct
4102,2024-10-31 20:00:00,2723.97,5,Facebook_Ads,Direct
4106,2024-12-06 08:00:00,1599.61,3,Organic_Search,Direct
4108,2024-08-23 18:00:00,4456.6,5,Instagram_Ads,Organic_Search
4127,2024-12-17 15:00:00,2603.38,6,Instagram_Ads,Direct
4128,2024-10-20 04:00:00,2587.52,5,Paid_Search,Direct
4130,2024-11-13 22:00:00,3080.61,7,Paid_Search,Paid_Search
4138,2024-10-28 14:00:00,2884.81,3,Facebook_Ads,Email
4152,2024-10-23 21:00:00,2679.11,6,Paid_Search,Email
4153,2024-12-09 07:00:00,1867.62,3,Instagram_Ads,Email
4167,2024-08-21 23:00:00,2877.17,3,Facebook_Ads,Organic_Search
4174,2024-11-26 09:00:00,4005.62,8,Paid_Search,Direct
4177,2024-10-25 10:00:00,3576.34,6,Facebook_Ads,Organic_Search
4180,2024-09-21 12:00:00,3774.55,4,Facebook_Ads,Email
4181,2024-08-23 13:00:00,2091.03,8,Paid_Search,Organic_Search
4187,2024-10-08 12:00:00,1708.32,3,Facebook_Ads,Organic_Search
4201,2024-12-06 13:00:00,2399.37,8,Paid_Search,Paid_Search
4202,2024-12-10 00:00:00,2544.58,6,Instagram_Ads,Organic_Search
4204,2024-08-02 23:00:00,3375.35,3,Facebook_Ads,Direct
4208,2024-12-22 09:00:00,1146.03,4,Instagram_Ads,Direct
4210,2024-12-21 02:00:00,3723.64,3,Paid_Search,Email
4211,2024-12-02 17:00:00,2373.59,4,Facebook_Ads,Direct
4219,2024-08-10 02:00:00,2158.5,5,Organic_Search,Direct
4220,2024-08-15 11:00:00,1690.32,7,Facebook_Ads,Paid_Search
4222,2024-11-18 21:00:00,1176.11,8,Facebook_Ads,Email
4226,2024-10-10 18:00:00,3158.54,8,Paid_Search,Email
4234,2024-09-02 02:00:00,2558.65,8,Facebook_Ads,Organic_Search
4236,2024-08-11 00:00:00,1468.03,5,Instagram_Ads,Direct
4238,2024-12-06 15:00:00,1463.94,5,Facebook_Ads,Organic_Search
4257,2024-07-31 13:00:00,2231.37,7,Instagram_Ads,Email
4278,2024-09-10 02:00:00,3835.22,5,Facebook_Ads,Direct
4279,2024-12-17 19:00:00,2292.33,4,Facebook_Ads,Email
4298,2024-07-30 09:00:00,1297.49,4,Facebook_Ads,Direct
4299,2024-11-26 14:00:00,2303.41,5,Paid_Search,Organic_Search
4308,2024-10-09 01:00:00,2281.82,7,Paid_Search,Direct
4312,2024-12-20 23:00:00,500.0,8,Paid_Search,Organic_Search
4318,2024-10-18 19:00:00,2456.56,3,Organic_Search,Direct
4325,2024-11-04 06:00:00,2315.25,5,Paid_Search,Email
4326,2024-11-04 22:00:00,3056.97,4,Paid_Search,Direct
4333,2024-07-23 18:00:00,3979.16,4,Facebook_Ads,Organic_Search
4340,2024-12-01 10:00:00,3401.25,4,Facebook_Ads,Direct
4341,2024-08-26 17:00:00,2284.89,6,Paid_Search,Paid_Search
4345,2024-11-06 18:00:00,1614.78,6,Instagram_Ads,Organic_Search
4346,2024-08-09 08:00:00,4558.69,4,Instagram_Ads,Email
4347,2024-12-13 23:00:00,2547.37,6,Paid_Search,Paid_Search
4356,2024-11-27 14:00:00,2511.14,4,Organic_Search,Direct
4361,2024-07-31 18:00:00,2480.7,5,Facebook_Ads,Email
4362,2024-08-24 00:00:00,2658.47,7,Facebook_Ads,Email
4368,2024-10-23 00:00:00,2384.51,8,Paid_Search,Paid_Search
4370,2024-11-29 03:00:00,2041.07,3,Paid_Search,Direct
4372,2024-12-23 16:00:00,2062.51,7,Instagram_Ads,Direct
4390,2024-11-01 14:00:00,2473.8,7,Paid_Search,Email
4393,2024-10-26 17:00:00,2065.26,3,Paid_Search,Email
4394,2024-10-17 06:00:00,1929.72,8,Organic_Search,Paid_Search
4398,2024-08-30 14:00:00,2585.14,5,Paid_Search,Email
4402,2024-07-29 19:00:00,2296.02,4,Paid_Search,Email
4412,2024-10-31 22:00:00,3703.19,5,Instagram_Ads,Direct
4413,2024-09-15 07:00:00,500.0,6,Organic_Search,Direct
4422,2024-08-26 14:00:00,3373.21,7,Paid_Search,Direct
4427,2024-08-29 11:00:00,3496.87,4,Instagram_Ads,Direct
4428,2024-08-04 03:00:00,841.29,5,Paid_Search,Organic_Search
4449,2024-08-30 20:00:00,2225.85,7,Paid_Search,Direct
4453,2024-09-28 17:00:00,2202.85,7,Organic_Search,Direct
4456,2024-09-29 14:00:00,1373.99,5,Paid_Search,Email
4466,2024-11-13 00:00:00,1877.75,7,Paid_Search,Direct
4468,2024-12-08 14:00:00,1611.54,8,Paid_Search,Organic_Search
4474,2024-10-27 21:00:00,3901.82,3,Organic_Search,Direct
4475,2024-08-07 18:00:00,3248.54,8,Facebook_Ads,Direct
4476,2024-09-13 23:00:00,3517.24,6,Organic_Search,Paid_Search
4487,2024-12-15 16:00:00,3077.34,4,Paid_Search,Email
4489,2024-10-06 00:00:00,1596.76,3,Paid_Search,Direct
4502,2024-11-30 00:00:00,2080.38,8,Instagram_Ads,Email
4509,2024-09-06 11:00:00,2891.5,8,Organic_Search,Direct
4510,2024-10-30 07:00:00,1522.3,7,Paid_Search,Email
4513,2024-08-15 11:00:00,3070.4,8,Paid_Search,Email
4532,2024-12-05 05:00:00,2307.74,5,Instagram_Ads,Direct
4539,2024-10-07 00:00:00,2200.14,5,Paid_Search,Direct
4563,2024-08-21 14:00:00,3068.77,7,Organic_Search,Direct
4565,2024-11-22 05:00:00,2855.41,3,Organic_Search,Email
4568,2024-09-28 00:00:00,2211.23,5,Instagram_Ads,Direct
4576,2024-10-26 08:00:00,3427.46,6,Organic_Search,Direct
4577,2024-08-20 14:00:00,1635.15,6,Paid_Search,Direct
4592,2024-11-28 22:00:00,2992.75,6,Organic_Search,Organic_Search
4594,2024-10-24 09:00:00,2974.48,4,Facebook_Ads,Direct
4608,2024-09-24 16:00:00,2252.36,8,Instagram_Ads,Email
4611,2024-11-04 06:00:00,2760.91,3,Paid_Search,Paid_Search
4620,2024-08-30 17:00:00,1499.11,4,Instagram_Ads,Paid_Search
4621,2024-08-05 03:00:00,3239.22,5,Instagram_Ads,Organic_Search
4629,2024-08-20 16:00:00,2352.08,5,Organic_Search,Organic_Search
4643,2024-10-02 12:00:00,2081.82,7,Paid_Search,Direct
4656,2024-07-27 19:00:00,3339.21,4,Paid_Search,Email
4666,2024-10-13 18:00:00,1936.53,3,Instagram_Ads,Direct
4672,2024-12-11 21:00:00,1373.23,4,Paid_Search,Direct
4674,2024-07-29 00:00:00,1254.7,6,Instagram_Ads,Paid_Search
4684,2024-08-16 13:00:00,2984.81,3,Paid_Search,Organic_Search
4690,2024-08-12 04:00:00,1475.66,8,Facebook_Ads,Paid_Search
4700,2024-09-20 09:00:00,3903.84,3,Organic_Search,Organic_Search
4701,2024-10-28 09:00:00,834.46,4,Facebook_Ads,Paid_Search
4714,2024-09-18 16:00:00,3857.17,7,Paid_Search,Direct
4723,2024-11-26 18:00:00,2668.81,4,Paid_Search,Direct
4728,2024-10-11 21:00:00,2422.63,6,Organic_Search,Paid_Search
4730,2024-09-16 07:00:00,2064.06,5,Paid_Search,Paid_Search
4740,2024-09-05 11:00:00,2819.31,3,Paid_Search,Organic_Search
4741,2024-12-11 01:00:00,2469.89,3,Facebook_Ads,Organic_Search
4742,2024-08-20 00:00:00,3382.64,8,Paid_Search,Organic_Search
4761,2024-11-10 20:00:00,2591.38,8,Organic_Search,Organic_Search
4762,2024-11-11 02:00:00,2620.24,8,Facebook_Ads,Direct
4770,2024-12-03 02:00:00,2209.11,8,Facebook_Ads,Direct
4773,2024-11-29 00:00:00,2454.44,7,Facebook_Ads,Paid_Search
4786,2024-12-14 09:00:00,2746.24,7,Instagram_Ads,Email
4797,2024-10-28 06:00:00,1131.87,5,Paid_Search,Direct
4808,2024-08-01 15:00:00,1421.45,8,Paid_Search,Email
4811,2024-12-02 12:00:00,3094.61,8,Paid_Search,Direct
4813,2024-11-01 19:00:00,2636.69,4,Facebook_Ads,Direct
4814,2024-08-22 17:00:00,2352.81,6,Facebook_Ads,Email
4822,2024-07-24 02:00:00,2514.75,7,Organic_Search,Email
4835,2024-12-05 21:00:00,2778.07,4,Facebook_Ads,Organic_Search
4837,2024-07-15 23:00:00,2068.19,5,Paid_Search,Direct
4844,2024-11-04 00:00:00,1877.36,4,Facebook_Ads,Email
4854,2024-08-07 06:00:00,2656.68,3,Facebook_Ads,Paid_Search
4858,2024-11-09 21:00:00,1717.3,3,Paid_Search,Paid_Search
4865,2024-07-22 02:00:00,2826.6,6,Paid_Search,Email
4866,2024-11-16 22:00:00,1137.93,5,Facebook_Ads,Email
4883,2024-11-30 06:00:00,3323.32,7,Paid_Search,Paid_Search
4903,2024-10-28 12:00:00,2878.08,6,Paid_Search,Paid_Search
4911,2024-08-13 19:00:00,2704.82,6,Paid_Search,Email
4920,2024-10-06 01:00:00,3286.15,3,Facebook_Ads,Paid_Search
4921,2024-10-10 07:00:00,3832.38,7,Instagram_Ads,Email
4922,2024-07-20 14:00:00,3311.5,4,Paid_Search,Direct
4930,2024-08-01 05:00:00,1027.3,6,Paid_Search,Direct
4965,2024-09-15 01:00:00,1476.34,5,Instagram_Ads,Email
4974,2024-10-24 05:00:00,2000.15,4,Paid_Search,Email
4976,2024-09-17 10:00:00,2520.87,7,Paid_Search,Email
4977,2024-10-02 22:00:00,2914.13,7,Paid_Search,Direct
4978,2024-08-30 12:00:00,1919.4,8,Organic_Search,Organic_Search
4979,2024-10-30 00:00:00,2649.41,5,Paid_Search,Email
4981,2024-12-14 00:00:00,1895.69,5,Organic_Search,Direct
4982,2024-09-02 01:00:00,2010.79,4,Facebook_Ads,Organic_Search
4997,2024-11-18 00:00:00,1374.67,7,Paid_Search,Organic_Search
5002,2024-08-07 23:00:00,1761.41,6,Paid_Search,Organic_Search
5012,2024-11-30 17:00:00,1418.65,3,Instagram_Ads,Organic_Search
5023,2024-09-18 22:00:00,1719.3,7,Instagram_Ads,Email
5024,2024-09-28 20:00:00,3342.91,7,Paid_Search,Email
5030,2024-12-18 17:00:00,1740.48,5,Facebook_Ads,Email
5033,2024-11-14 21:00:00,4605.91,4,Instagram_Ads,Direct
5036,2024-11-12 23:00:00,2894.65,3,Paid_Search,Paid_Search
5041,2024-11-25 04:00:00,2647.87,5,Paid_Search,Direct
5043,2024-11-20 00:00:00,1813.31,7,Facebook_Ads,Paid_Search
5046,2024-08-24 14:00:00,3060.25,4,Paid_Search,Direct
5057,2024-10-05 07:00:00,2039.49,3,Paid_Search,Paid_Search
5067,2024-12-07 10:00:00,2597.61,4,Paid_Search,Direct
5070,2024-12-25 05:00:00,4548.07,3,Instagram_Ads,Email
5074,2024-09-15 18:00:00,2423.15,6,Facebook_Ads,Direct
5081,2024-09-18 16:00:00,3419.42,4,Facebook_Ads,Direct
5088,2024-08-18 22:00:00,1937.46,8,Facebook_Ads,Email
5090,2024-12-17 23:00:00,2472.01,6,Paid_Search,Email
5092,2024-08-06 18:00:00,3916.64,3,Facebook_Ads,Paid_Search
5094,2024-11-25 00:00:00,1998.43,4,Organic_Search,Email
5095,2024-09-02 21:00:00,3949.96,3,Facebook_Ads,Paid_Search
5096,2024-12-08 11:00:00,3066.2,8,Organic_Search,Direct
5127,2024-10-20 13:00:00,2050.03,5,Facebook_Ads,Email
5130,2024-12-22 08:00:00,3005.93,7,Paid_Search,Direct
5142,2024-11-26 14:00:00,3278.04,4,Facebook_Ads,Paid_Search
5174,2024-11-18 01:00:00,2997.45,6,Paid_Search,Paid_Search
5177,2024-11-06 18:00:00,1243.82,3,Paid_Search,Direct
5181,2024-10-03 03:00:00,1918.29,4,Instagram_Ads,Paid_Search
5182,2024-09-10 17:00:00,2301.99,5,Paid_Search,Paid_Search
5185,2024-10-17 08:00:00,2440.45,8,Instagram_Ads,Organic_Search
5188,2024-08-02 04:00:00,2996.54,5,Instagram_Ads,Email
5198,2024-10-11 18:00:00,2642.16,3,Facebook_Ads,Direct
5211,2024-12-15 22:00:00,1431.72,5,Facebook_Ads,Direct
5216,2024-12-17 09:00:00,2804.16,8,Paid_Search,Paid_Search
5245,2024-12-18 04:00:00,2988.47,4,Organic_Search,Organic_Search
5259,2024-09-26 17:00:00,2947.83,3,Facebook_Ads,Direct
5260,2024-09-25 13:00:00,3364.62,6,Facebook_Ads,Direct
5265,2024-10-20 15:00:00,3167.14,8,Facebook_Ads,Email
5266,2024-12-09 01:00:00,2867.34,3,Paid_Search,Email
5267,2024-11-24 04:00:00,2443.87,4,Paid_Search,Email
5277,2024-11-04 07:00:00,1171.23,6,Facebook_Ads,Organic_Search
5278,2024-11-29 00:00:00,2843.69,6,Facebook_Ads,Email
5279,2024-12-12 01:00:00,2666.15,6,Organic_Search,Email
5296,2024-11-26 19:00:00,2717.26,4,Paid_Search,Email
5304,2024-07-29 12:00:00,1478.6,8,Paid_Search,Direct
5307,2024-08-26 00:00:00,1635.15,6,Instagram_Ads,Email
5309,2024-10-01 22:00:00,3342.52,3,Paid_Search,Email
5313,2024-10-22 05:00:00,2468.36,3,Paid_Search,Email
5326,2024-08-17 20:00:00,3045.2,6,Paid_Search,Paid_Search
5337,2024-11-21 18:00:00,2522.65,6,Paid_Search,Email
5338,2024-12-16 03:00:00,2523.8,6,Instagram_Ads,Paid_Search
5342,2024-09-29 23:00:00,3250.63,4,Organic_Search,Paid_Search
5352,2024-12-19 19:00:00,2087.16,7,Paid_Search,Organic_Search
5367,2024-08-25 01:00:00,2576.9,5,Paid_Search,Organic_Search
5370,2024-11-02 04:00:00,2130.18,5,Paid_Search,Direct
5378,2024-08-16 04:00:00,2152.4,7,Facebook_Ads,Email
5394,2024-11-09 15:00:00,2252.66,5,Paid_Search,Paid_Search
5403,2024-08-24 20:00:00,2677.71,8,Paid_Search,Email
5417,2024-11-02 05:00:00,2117.0,6,Instagram_Ads,Direct
5421,2024-11-24 19:00:00,3504.6,4,Facebook_Ads,Direct
5422,2024-07-24 02:00:00,1784.31,3,Paid_Search,Direct
5434,2024-11-07 09:00:00,2350.5,5,Paid_Search,Paid_Search
5436,2024-12-03 00:00:00,2148.22,3,Facebook_Ads,Paid_Search
5442,2024-09-01 05:00:00,3657.58,5,Instagram_Ads,Direct
5455,2024-11-13 10:00:00,2657.24,6,Paid_Search,Direct
5464,2024-11-13 17:00:00,3325.48,8,Organic_Search,Paid_Search
5469,2024-10-09 13:00:00,1311.55,3,Instagram_Ads,Email
5475,2024-10-31 15:00:00,2713.64,8,Facebook_Ads,Organic_Search
5476,2024-10-20 00:00:00,3211.7,5,Paid_Search,Organic_Search
5482,2024-10-29 12:00:00,2565.83,8,Paid_Search,Direct
5484,2024-12-17 14:00:00,3352.38,3,Organic_Search,Paid_Search
5489,2024-09-06 20:00:00,2086.17,7,Paid_Search,Organic_Search
5514,2024-10-18 14:00:00,3627.48,7,Paid_Search,Email
5517,2024-09-17 22:00:00,4339.12,6,Facebook_Ads,Paid_Search
5520,2024-10-30 16:00:00,2209.73,7,Facebook_Ads,Direct
5526,2024-10-05 16:00:00,2143.6,7,Instagram_Ads,Paid_Search
5530,2024-08-18 14:00:00,3662.71,7,Organic_Search,Email
5540,2024-09-23 23:00:00,3763.66,6,Paid_Search,Organic_Search
5548,2024-09-09 01:00:00,2081.71,5,Paid_Search,Organic_Search
5552,2024-08-20 19:00:00,2163.85,3,Organic_Search,Email
5553,2024-10-20 14:00:00,2274.57,6,Paid_Search,Email
5555,2024-12-07 15:00:00,1424.44,5,Facebook_Ads,Email
5574,2024-12-03 01:00:00,1765.08,3,Instagram_Ads,Email
5588,2024-08-17 07:00:00,1696.69,5,Paid_Search,Direct
5593,2024-07-27 03:00:00,1885.76,8,Organic_Search,Direct
5603,2024-10-15 22:00:00,2472.25,8,Paid_Search,Organic_Search
5604,2024-10-25 22:00:00,2687.37,5,Facebook_Ads,Email
5614,2024-12-06 05:00:00,3740.4,8,Organic_Search,Email
5616,2024-08-31 01:00:00,1701.32,8,Instagram_Ads,Paid_Search
5620,2024-11-30 16:00:00,3287.46,8,Facebook_Ads,Paid_Search
5621,2024-09-24 14:00:00,2328.81,5,Paid_Search,Paid_Search
5629,2024-11-17 20:00:00,2460.43,4,Paid_Search,Direct
5641,2024-09-20 13:00:00,3039.86,4,Paid_Search,Direct
5644,2024-10-27 16:00:00,1601.82,4,Facebook_Ads,Direct
5654,2024-10-31 07:00:00,2805.93,6,Paid_Search,Email
5657,2024-11-16 17:00:00,2633.16,5,Facebook_Ads,Direct
5664,2024-09-25 00:00:00,2893.96,6,Paid_Search,Paid_Search
5671,2024-09-01 04:00:00,2731.33,5,Facebook_Ads,Paid_Search
5675,2024-10-17 16:00:00,4464.24,6,Facebook_Ads,Email
5678,2024-11-12 10:00:00,1989.81,8,Instagram_Ads,Direct
5689,2024-11-09 06:00:00,2075.2,4,Paid_Search,Paid_Search
5690,2024-09-04 08:00:00,2001.49,6,Instagram_Ads,Paid_Search
5706,2024-11-12 06:00:00,2055.62,6,Paid_Search,Email
5711,2024-09-14 23:00:00,1990.09,6,Paid_Search,Email
5712,2024-08-17 17:00:00,3451.21,4,Paid_Search,Email
5728,2024-10-28 17:00:00,3636.4,3,Facebook_Ads,Organic_Search
5748,2024-09-04 04:00:00,2043.4,6,Facebook_Ads,Email
5749,2024-12-08 08:00:00,1834.12,4,Paid_Search,Paid_Search
5759,2024-11-30 21:00:00,2877.13,6,Paid_Search,Direct
5760,2024-09-12 16:00:00,2058.22,5,Instagram_Ads,Direct
5761,2024-08-19 20:00:00,3006.35,7,Instagram_Ads,Email
5767,2024-07-30 17:00:00,2662.34,7,Paid_Search,Email
5769,2024-11-25 04:00:00,1287.4,7,Paid_Search,Email
5772,2024-12-22 15:00:00,3738.0,5,Paid_Search,Email
5777,2024-07-25 20:00:00,3936.7,4,Facebook_Ads,Direct
5778,2024-12-08 05:00:00,2009.77,5,Facebook_Ads,Direct
5780,2024-08-07 03:00:00,2189.84,7,Instagram_Ads,Direct
5781,2024-08-25 15:00:00,2728.69,3,Instagram_Ads,Paid_Search
5783,2024-11-01 05:00:00,2767.57,3,Paid_Search,Email
5794,2024-08-22 01:00:00,3026.84,4,Facebook_Ads,Email
5795,2024-09-06 14:00:00,4108.16,7,Facebook_Ads,Direct
5820,2024-11-10 15:00:00,2358.44,4,Instagram_Ads,Paid_Search
5846,2024-09-23 10:00:00,1861.36,3,Paid_Search,Direct
5849,2024-09-01 08:00:00,1396.54,3,Facebook_Ads,Email
5856,2024-11-18 12:00:00,1915.26,4,Facebook_Ads,Direct
5864,2024-12-12 14:00:00,2473.5,3,Paid_Search,Email
5879,2024-08-28 18:00:00,3935.65,7,Facebook_Ads,Paid_Search
5887,2024-11-30 18:00:00,2085.91,6,Instagram_Ads,Email
5904,2024-11-15 08:00:00,2679.03,3,Organic_Search,Paid_Search
5929,2024-11-28 00:00:00,2486.86,6,Facebook_Ads,Direct
5933,2024-12-24 00:00:00,3450.71,5,Paid_Search,Email
5935,2024-08-11 12:00:00,4521.55,4,Organic_Search,Paid_Search
5941,2024-11-22 15:00:00,2075.3,3,Facebook_Ads,Direct
5956,2024-08-03 02:00:00,2108.45,3,Paid_Search,Direct
5969,2024-10-27 08:00:00,3335.33,8,Paid_Search,Email
5972,2024-12-12 01:00:00,3045.51,8,Paid_Search,Organic_Search
5980,2024-08-20 11:00:00,3977.37,4,Facebook_Ads,Direct
5988,2024-08-30 06:00:00,2967.14,3,Paid_Search,Paid_Search
5993,2024-11-23 10:00:00,2212.57,8,Paid_Search,Email
5999,2024-08-16 19:00:00,2972.52,8,Facebook_Ads,Email
6002,2024-10-04 03:00:00,3386.96,8,Paid_Search,Email
6004,2024-12-18 11:00:00,3156.39,6,Paid_Search,Organic_Search
6008,2024-08-28 05:00:00,2905.82,5,Paid_Search,Organic_Search
6011,2024-07-27 03:00:00,3353.34,7,Paid_Search,Paid_Search
6017,2024-12-06 22:00:00,3435.44,3,Facebook_Ads,Paid_Search
6018,2024-09-13 21:00:00,3605.73,3,Instagram_Ads,Organic_Search
6019,2024-12-21 10:00:00,3018.97,8,Facebook_Ads,Paid_Search
6030,2024-10-18 14:00:00,2366.31,4,Paid_Search,Email
6045,2024-11-19 05:00:00,2617.37,7,Paid_Search,Direct
6048,2024-12-19 16:00:00,3465.21,4,Paid_Search,Email
6051,2024-08-02 15:00:00,1846.45,5,Paid_Search,Email
6056,2024-08-02 04:00:00,2794.94,5,Paid_Search,Email
6061,2024-12-02 22:00:00,2185.33,8,Organic_Search,Email
6080,2024-09-30 18:00:00,2523.0,5,Instagram_Ads,Email
6084,2024-11-26 02:00:00,3522.76,5,Instagram_Ads,Email
6087,2024-07-29 04:00:00,2652.88,3,Paid_Search,Organic_Search
6089,2024-08-24 22:00:00,2537.15,8,Facebook_Ads,Organic_Search
6090,2024-11-01 05:00:00,1412.12,4,Instagram_Ads,Paid_Search
6098,2024-09-23 07:00:00,3097.0,5,Paid_Search,Paid_Search
6101,2024-08-27 11:00:00,3016.39,5,Paid_Search,Direct
6111,2024-11-15 06:00:00,4230.6,6,Paid_Search,Direct
6112,2024-09-28 23:00:00,2253.78,8,Paid_Search,Paid_Search
6123,2024-10-15 23:00:00,2675.32,5,Paid_Search,Email
6127,2024-07-15 03:00:00,2699.51,3,Organic_Search,Paid_Search
6140,2024-12-23 12:00:00,3761.96,6,Organic_Search,Direct
6145,2024-08-04 00:00:00,2423.76,7,Paid_Search,Paid_Search
6155,2024-11-27 23:00:00,2723.22,7,Instagram_Ads,Direct
6160,2024-09-07 00:00:00,2986.32,4,Facebook_Ads,Organic_Search
6161,2024-11-05 22:00:00,2649.29,8,Instagram_Ads,Email
6167,2024-08-19 07:00:00,2142.85,5,Organic_Search,Email
6179,2024-10-14 11:00:00,2655.27,8,Facebook_Ads,Email
6190,2024-09-06 10:00:00,3358.91,6,Paid_Search,Direct
6193,2024-10-09 12:00:00,1678.79,5,Paid_Search,Organic_Search
6201,2024-08-20 19:00:00,2606.38,5,Paid_Search,Direct
6213,2024-09-29 00:00:00,1939.9,4,Paid_Search,Direct
6215,2024-12-21 20:00:00,3456.04,4,Paid_Search,Email
6227,2024-12-05 03:00:00,1281.45,8,Paid_Search,Direct
6233,2024-09-05 18:00:00,2052.86,4,Facebook_Ads,Email
6237,2024-07-27 12:00:00,2801.77,4,Instagram_Ads,Direct
6239,2024-11-26 00:00:00,3752.42,8,Organic_Search,Email
6251,2024-08-24 15:00:00,2447.4,6,Paid_Search,Email
6268,2024-12-13 06:00:00,2055.84,6,Facebook_Ads,Direct
6272,2024-09-15 15:00:00,4004.93,3,Organic_Search,Direct
6276,2024-10-06 20:00:00,1341.59,3,Facebook_Ads,Paid_Search
6277,2024-09-08 02:00:00,740.96,8,Paid_Search,Direct
6281,2024-08-24 01:00:00,2852.01,7,Facebook_Ads,Email
6295,2024-12-07 00:00:00,2098.36,4,Organic_Search,Paid_Search
6296,2024-10-30 22:00:00,1683.01,3,Organic_Search,Email
6305,2024-10-16 07:00:00,3066.69,7,Paid_Search,Email
6306,2024-11-21 15:00:00,2695.04,5,Paid_Search,Direct
6312,2024-09-28 18:00:00,2048.74,4,Instagram_Ads,Organic_Search
6313,2024-11-15 02:00:00,1475.76,8,Paid_Search,Direct
6323,2024-08-13 22:00:00,3197.97,4,Paid_Search,Organic_Search
6329,2024-10-01 11:00:00,3020.16,6,Instagram_Ads,Email
6331,2024-09-02 13:00:00,2420.66,4,Paid_Search,Direct
6338,2024-08-18 17:00:00,3977.31,7,Organic_Search,Email
6340,2024-09-17 02:00:00,1643.93,3,Instagram_Ads,Email
6344,2024-08-27 00:00:00,1279.58,8,Facebook_Ads,Direct
6347,2024-10-19 00:00:00,1946.47,4,Paid_Search,Email
6348,2024-09-21 04:00:00,2463.53,7,Paid_Search,Email
6355,2024-08-02 04:00:00,2694.67,6,Paid_Search,Direct
6362,2024-10-07 13:00:00,2307.01,7,Organic_Search,Email
6363,2024-09-27 00:00:00,2781.64,3,Facebook_Ads,Direct
6365,2024-08-22 19:00:00,1498.77,3,Facebook_Ads,Paid_Search
6372,2024-10-05 23:00:00,3655.01,4,Instagram_Ads,Organic_Search
6379,2024-09-19 03:00:00,2434.28,7,Paid_Search,Direct
6390,2024-08-07 15:00:00,3393.84,7,Facebook_Ads,Direct
6406,2024-09-29 00:00:00,2774.18,8,Paid_Search,Paid_Search
6410,2024-10-14 18:00:00,2865.4,8,Organic_Search,Direct
6411,2024-12-12 06:00:00,2955.81,6,Facebook_Ads,Organic_Search
6412,2024-10-26 03:00:00,2858.17,6,Instagram_Ads,Email
6420,2024-08-19 12:00:00,3014.18,4,Facebook_Ads,Email
6428,2024-09-10 12:00:00,3563.32,7,Instagram_Ads,Organic_Search
6434,2024-08-02 05:00:00,2657.22,7,Facebook_Ads,Email
6438,2024-07-22 18:00:00,3067.2,6,Paid_Search,Organic_Search
6443,2024-08-11 17:00:00,2428.21,6,Paid_Search,Direct
6457,2024-12-16 22:00:00,3652.09,4,Facebook_Ads,Paid_Search
6464,2024-12-21 15:00:00,1958.89,5,Paid_Search,Paid_Search
6468,2024-10-06 03:00:00,3940.75,7,Paid_Search,Paid_Search
6502,2024-08-26 00:00:00,2467.87,7,Paid_Search,Direct
6505,2024-12-09 12:00:00,1355.38,7,Paid_Search,Email
6520,2024-10-20 21:00:00,2602.48,8,Paid_Search,Email
6531,2024-10-27 22:00:00,1955.16,7,Instagram_Ads,Email
6532,2024-09-03 07:00:00,3172.51,4,Paid_Search,Email
6556,2024-11-24 20:00:00,1977.9,8,Paid_Search,Organic_Search
6580,2024-10-09 00:00:00,2143.05,4,Facebook_Ads,Email
6583,2024-07-29 10:00:00,988.37,8,Facebook_Ads,Organic_Search
6606,2024-08-10 03:00:00,2138.15,3,Paid_Search,Organic_Search
6612,2024-08-18 10:00:00,560.9,8,Facebook_Ads,Paid_Search
6614,2024-11-27 21:00:00,1232.88,3,Facebook_Ads,Organic_Search
6617,2024-11-07 17:00:00,3108.33,4,Paid_Search,Paid_Search
6634,2024-12-06 21:00:00,3128.64,5,Facebook_Ads,Direct
6636,2024-11-10 01:00:00,2840.37,4,Paid_Search,Organic_Search
6646,2024-07-29 08:00:00,1726.42,4,Organic_Search,Email
6650,2024-09-18 08:00:00,2461.83,8,Paid_Search,Direct
6657,2024-11-13 04:00:00,2497.12,8,Facebook_Ads,Email
6666,2024-10-29 08:00:00,1573.31,5,Facebook_Ads,Email
6670,2024-12-24 16:00:00,3702.72,7,Facebook_Ads,Paid_Search
6674,2024-11-23 15:00:00,3201.89,5,Facebook_Ads,Paid_Search
6676,2024-11-25 20:00:00,2323.23,6,Facebook_Ads,Email
6678,2024-09-26 19:00:00,2521.51,3,Organic_Search,Email
6682,2024-10-18 13:00:00,2666.71,6,Instagram_Ads,Email
6687,2024-08-15 08:00:00,866.61,3,Facebook_Ads,Paid_Search
6688,2024-11-01 22:00:00,2302.26,5,Facebook_Ads,Direct
6692,2024-12-20 20:00:00,1954.41,8,Organic_Search,Organic_Search
6697,2024-11-27 02:00:00,1698.7,4,Instagram_Ads,Direct
6700,2024-10-30 11:00:00,2275.12,3,Paid_Search,Direct
6709,2024-07-31 07:00:00,3938.15,8,Organic_Search,Email
6723,2024-10-11 10:00:00,3012.67,7,Instagram_Ads,Organic_Search
6727,2024-10-07 14:00:00,2043.06,4,Instagram_Ads,Organic_Search
6733,2024-11-17 01:00:00,2958.07,6,Instagram_Ads,Direct
6735,2024-09-05 11:00:00,3619.48,8,Instagram_Ads,Email
6736,2024-11-30 13:00:00,3239.71,4,Paid_Search,Direct
6745,2024-12-18 14:00:00,2547.7,4,Facebook_Ads,Paid_Search
6755,2024-08-24 06:00:00,1982.45,3,Facebook_Ads,Email
6758,2024-08-26 02:00:00,3058.58,8,Instagram_Ads,Email
6775,2024-08-12 17:00:00,2814.79,3,Organic_Search,Paid_Search
6787,2024-12-15 00:00:00,3216.15,7,Paid_Search,Direct
6789,2024-09-18 08:00:00,3008.14,3,Organic_Search,Direct
6800,2024-11-11 09:00:00,3339.64,4,Paid_Search,Paid_Search
6804,2024-08-21 03:00:00,2071.81,5,Facebook_Ads,Paid_Search
6815,2024-10-22 10:00:00,3553.92,4,Paid_Search,Email
6830,2024-11-30 13:00:00,2658.08,6,Paid_Search,Email
6833,2024-10-28 18:00:00,4160.21,4,Instagram_Ads,Email
6834,2024-12-05 16:00:00,1948.65,5,Paid_Search,Paid_Search
6839,2024-10-13 17:00:00,3888.77,8,Paid_Search,Organic_Search
6846,2024-11-20 13:00:00,2658.33,3,Organic_Search,Email
6848,2024-10-30 00:00:00,1978.87,4,Facebook_Ads,Organic_Search
6858,2024-07-29 04:00:00,2112.89,7,Paid_Search,Direct
6860,2024-11-21 06:00:00,2243.72,7,Paid_Search,Direct
6862,2024-08-01 15:00:00,2839.33,8,Instagram_Ads,Paid_Search
6868,2024-12-11 19:00:00,2918.27,7,Facebook_Ads,Paid_Search
6870,2024-09-16 09:00:00,2041.04,6,Facebook_Ads,Email
6900,2024-08-13 02:00:00,2480.52,6,Organic_Search,Paid_Search
6901,2024-09-20 08:00:00,4213.82,3,Paid_Search,Email
6911,2024-08-11 12:00:00,3882.03,3,Instagram_Ads,Organic_Search
6925,2024-11-07 14:00:00,2849.06,5,Instagram_Ads,Email
6932,2024-11-12 08:00:00,2530.4,5,Paid_Search,Email
6933,2024-09-24 20:00:00,2596.03,4,Instagram_Ads,Email
6936,2024-11-06 00:00:00,2990.81,7,Instagram_Ads,Organic_Search
6939,2024-12-10 20:00:00,1681.77,4,Paid_Search,Organic_Search
6945,2024-10-29 08:00:00,2294.1,3,Instagram_Ads,Direct
6948,2024-10-23 03:00:00,1165.13,6,Instagram_Ads,Paid_Search
6962,2024-12-14 03:00:00,2819.38,6,Facebook_Ads,Paid_Search
6990,2024-09-16 14:00:00,3017.76,6,Instagram_Ads,Email
6991,2024-09-29 22:00:00,2113.45,4,Paid_Search,Email
7000,2024-09-04 08:00:00,3759.19,8,Paid_Search,Email
7006,2024-08-01 13:00:00,1519.39,3,Paid_Search,Direct
7014,2024-08-22 21:00:00,1328.5,6,Facebook_Ads,Paid_Search
7017,2024-10-22 10:00:00,2679.56,5,Instagram_Ads,Email
7020,2024-11-09 06:00:00,3337.68,7,Paid_Search,Email
7021,2024-08-31 19:00:00,3847.14,4,Paid_Search,Organic_Search
7022,2024-11-02 09:00:00,2132.89,7,Paid_Search,Email
7024,2024-11-27 23:00:00,3362.94,6,Facebook_Ads,Paid_Search
7028,2024-09-17 01:00:00,2469.19,4,Paid_Search,Paid_Search
7033,2024-09-18 02:00:00,2361.9,8,Paid_Search,Paid_Search
7039,2024-12-07 17:00:00,3206.93,6,Paid_Search,Paid_Search
7043,2024-10-11 00:00:00,3021.86,5,Paid_Search,Email
7044,2024-09-23 05:00:00,1238.89,3,Paid_Search,Organic_Search
7048,2024-07-26 23:00:00,3681.23,4,Organic_Search,Direct
7055,2024-07-22 05:00:00,3604.07,5,Instagram_Ads,Direct
7056,2024-10-06 22:00:00,1999.55,4,Paid_Search,Organic_Search
7078,2024-11-28 06:00:00,2816.64,3,Organic_Search,Direct
7085,2024-10-15 20:00:00,2895.22,5,Instagram_Ads,Direct
7091,2024-08-18 01:00:00,2708.54,3,Paid_Search,Email
7100,2024-08-09 12:00:00,2059.76,6,Instagram_Ads,Direct
7105,2024-09-29 21:00:00,1962.7,6,Organic_Search,Direct
7106,2024-10-14 12:00:00,2479.56,6,Paid_Search,Organic_Search
7107,2024-12-02 04:00:00,3438.18,3,Paid_Search,Organic_Search
7138,2024-09-19 03:00:00,2934.88,4,Facebook_Ads,Paid_Search
7141,2024-09-25 08:00:00,2203.51,4,Facebook_Ads,Organic_Search
7152,2024-07-27 18:00:00,3117.36,6,Facebook_Ads,Direct
7159,2024-09-05 00:00:00,500.0,6,Facebook_Ads,Paid_Search
7174,2024-11-11 18:00:00,3419.01,4,Facebook_Ads,Email
7182,2024-10-27 04:00:00,1108.23,3,Instagram_Ads,Paid_Search
7187,2024-08-04 11:00:00,2210.05,7,Instagram_Ads,Email
7197,2024-07-19 02:00:00,1604.26,3,Facebook_Ads,Direct
7215,2024-08-04 10:00:00,1464.25,5,Organic_Search,Paid_Search
7217,2024-08-05 05:00:00,3428.66,7,Organic_Search,Direct
7235,2024-12-07 00:00:00,2125.84,7,Organic_Search,Direct
7237,2024-08-31 12:00:00,2777.2,5,Facebook_Ads,Paid_Search
7239,2024-11-02 11:00:00,2462.46,4,Instagram_Ads,Email
7242,2024-09-14 08:00:00,2881.63,7,Organic_Search,Paid_Search
7247,2024-09-25 22:00:00,2561.46,7,Facebook_Ads,Organic_Search
7248,2024-09-18 21:00:00,1473.61,6,Instagram_Ads,Paid_Search
7249,2024-08-14 17:00:00,3297.01,4,Organic_Search,Direct
7255,2024-09-21 12:00:00,2104.99,8,Instagram_Ads,Organic_Search
7256,2024-12-05 08:00:00,1254.73,5,Paid_Search,Email
7257,2024-08-24 00:00:00,2157.51,7,Organic_Search,Direct
7264,2024-10-11 22:00:00,3700.61,5,Paid_Search,Direct
7267,2024-11-21 00:00:00,3180.18,5,Instagram_Ads,Direct
7276,2024-11-25 15:00:00,2221.08,4,Paid_Search,Direct
7281,2024-08-19 09:00:00,2220.59,6,Facebook_Ads,Email
7286,2024-12-10 05:00:00,2242.69,3,Facebook_Ads,Email
7288,2024-11-18 11:00:00,4161.4,3,Facebook_Ads,Email
7296,2024-07-31 19:00:00,2805.55,8,Instagram_Ads,Email
7297,2024-12-22 19:00:00,2844.03,3,Instagram_Ads,Direct
7302,2024-11-29 22:00:00,3324.23,8,Facebook_Ads,Direct
7305,2024-11-17 20:00:00,2691.03,8,Organic_Search,Email
7306,2024-07-30 02:00:00,2292.77,6,Instagram_Ads,Direct
7307,2024-07-30 06:00:00,2342.92,8,Paid_Search,Paid_Search
7318,2024-11-25 11:00:00,2442.72,8,Instagram_Ads,Email
7319,2024-12-01 23:00:00,2470.22,8,Facebook_Ads,Direct
7326,2024-11-28 14:00:00,3082.1,7,Instagram_Ads,Direct
7335,2024-12-04 10:00:00,2541.56,4,Paid_Search,Email
7339,2024-10-03 22:00:00,3086.11,7,Instagram_Ads,Direct
7343,2024-08-18 08:00:00,2435.43,3,Paid_Search,Email
7344,2024-12-03 04:00:00,2562.91,5,Facebook_Ads,Organic_Search
7353,2024-08-22 08:00:00,901.44,4,Facebook_Ads,Direct
7358,2024-12-02 19:00:00,3233.06,8,Facebook_Ads,Paid_Search
7360,2024-10-22 18:00:00,2777.19,7,Paid_Search,Email
7361,2024-12-04 22:00:00,3298.41,7,Instagram_Ads,Organic_Search
7375,2024-10-29 08:00:00,500.0,8,Organic_Search,Direct
7376,2024-10-07 08:00:00,4170.7,4,Paid_Search,Direct
7382,2024-09-04 15:00:00,2388.33,5,Instagram_Ads,Email
7387,2024-10-05 14:00:00,3386.55,4,Instagram_Ads,Direct
7404,2024-10-22 12:00:00,1668.08,5,Facebook_Ads,Email
7411,2024-12-11 15:00:00,2990.22,6,Paid_Search,Email
7413,2024-08-27 05:00:00,1657.27,6,Organic_Search,Organic_Search
7421,2024-08-24 15:00:00,2000.98,8,Instagram_Ads,Direct
7436,2024-12-19 09:00:00,4031.23,7,Paid_Search,Email
7446,2024-10-09 18:00:00,2347.45,7,Organic_Search,Paid_Search
7448,2024-08-02 20:00:00,2673.95,3,Paid_Search,Email
7452,2024-12-09 11:00:00,3196.05,8,Facebook_Ads,Paid_Search
7456,2024-09-23 01:00:00,2896.55,5,Paid_Search,Direct
7457,2024-09-10 20:00:00,2620.34,3,Organic_Search,Direct
7469,2024-07-27 01:00:00,2791.97,6,Instagram_Ads,Email
7482,2024-11-29 09:00:00,4422.73,4,Facebook_Ads,Direct
7487,2024-10-14 05:00:00,2453.9,3,Organic_Search,Direct
7490,2024-08-15 22:00:00,2660.88,6,Paid_Search,Organic_Search
7504,2024-12-10 19:00:00,3340.52,4,Paid_Search,Organic_Search
7506,2024-10-24 21:00:00,3384.42,5,Paid_Search,Paid_Search
7510,2024-11-07 22:00:00,3449.62,8,Paid_Search,Email
7516,2024-12-13 20:00:00,3010.98,3,Paid_Search,Email
7519,2024-08-09 14:00:00,1585.6,7,Facebook_Ads,Direct
7531,2024-08-08 13:00:00,3806.75,3,Facebook_Ads,Email
7548,2024-08-21 08:00:00,1582.92,5,Paid_Search,Email
7550,2024-11-11 20:00:00,2742.11,4,Facebook_Ads,Email
7558,2024-08-18 04:00:00,1896.58,8,Facebook_Ads,Direct
7560,2024-11-28 05:00:00,2448.69,6,Paid_Search,Direct
7562,2024-11-05 22:00:00,2763.01,3,Instagram_Ads,Email
7569,2024-07-22 07:00:00,2757.09,8,Instagram_Ads,Paid_Search
7577,2024-11-15 07:00:00,2837.54,8,Instagram_Ads,Organic_Search
7588,2024-08-06 00:00:00,3790.97,8,Paid_Search,Email
7591,2024-11-06 11:00:00,2862.83,8,Instagram_Ads,Organic_Search
7594,2024-08-18 04:00:00,2304.67,7,Organic_Search,Organic_Search
7605,2024-11-14 15:00:00,3271.27,3,Instagram_Ads,Email
7617,2024-10-06 09:00:00,3451.58,4,Facebook_Ads,Paid_Search
7629,2024-12-20 13:00:00,1517.91,6,Facebook_Ads,Organic_Search
7633,2024-08-14 11:00:00,2977.92,6,Facebook_Ads,Direct
7634,2024-10-05 21:00:00,3060.94,8,Organic_Search,Paid_Search
7636,2024-10-29 02:00:00,2261.95,5,Paid_Search,Paid_Search
7644,2024-09-18 21:00:00,3600.57,3,Paid_Search,Email
7653,2024-11-02 23:00:00,2379.96,3,Paid_Search,Paid_Search
7654,2024-11-16 02:00:00,2600.46,4,Instagram_Ads,Paid_Search
7656,2024-07-21 06:00:00,2361.54,3,Organic_Search,Organic_Search
7667,2024-10-05 11:00:00,2512.46,6,Instagram_Ads,Paid_Search
7676,2024-10-24 04:00:00,1622.98,7,Paid_Search,Organic_Search
7679,2024-10-14 23:00:00,1347.96,7,Instagram_Ads,Direct
7684,2024-09-02 09:00:00,3775.6,8,Paid_Search,Paid_Search
7686,2024-09-03 10:00:00,1822.43,7,Paid_Search,Email
7703,2024-10-31 09:00:00,1706.89,6,Paid_Search,Paid_Search
7707,2024-12-06 11:00:00,777.29,3,Paid_Search,Direct
7709,2024-11-29 02:00:00,1988.83,4,Instagram_Ads,Email
7735,2024-11-01 06:00:00,1441.53,7,Instagram_Ads,Direct
7739,2024-10-10 23:00:00,3813.61,6,Paid_Search,Paid_Search
7744,2024-11-30 17:00:00,3307.85,5,Paid_Search,Email
7745,2024-11-13 21:00:00,1949.48,3,Facebook_Ads,Paid_Search
7749,2024-09-17 18:00:00,4301.95,4,Instagram_Ads,Direct
7754,2024-10-03 17:00:00,3285.41,6,Facebook_Ads,Paid_Search
7755,2024-10-10 01:00:00,2240.13,7,Organic_Search,Email
7763,2024-08-03 12:00:00,500.48,3,Paid_Search,Direct
7765,2024-11-30 04:00:00,4332.75,5,Paid_Search,Paid_Search
7775,2024-12-04 23:00:00,1388.34,5,Instagram_Ads,Email
7776,2024-10-05 20:00:00,1183.68,5,Paid_Search,Paid_Search
7777,2024-09-21 13:00:00,3318.06,3,Instagram_Ads,Email
7779,2024-08-21 16:00:00,4451.8,6,Paid_Search,Paid_Search
7796,2024-09-08 08:00:00,3607.42,5,Facebook_Ads,Direct
7803,2024-10-19 00:00:00,2951.13,5,Paid_Search,Direct
7808,2024-08-15 00:00:00,2975.8,8,Instagram_Ads,Organic_Search
7812,2024-08-30 04:00:00,3182.73,8,Facebook_Ads,Organic_Search
7819,2024-09-16 20:00:00,3107.14,6,Instagram_Ads,Paid_Search
7823,2024-09-29 13:00:00,2724.95,8,Paid_Search,Email
7828,2024-11-13 12:00:00,2583.36,7,Facebook_Ads,Organic_Search
7829,2024-08-15 00:00:00,2449.93,6,Organic_Search,Paid_Search
7834,2024-08-05 04:00:00,1896.83,8,Organic_Search,Direct
7835,2024-10-26 11:00:00,2275.46,8,Paid_Search,Email
7839,2024-11-14 15:00:00,1145.63,8,Instagram_Ads,Paid_Search
7846,2024-10-14 16:00:00,2421.33,3,Facebook_Ads,Direct
7856,2024-09-17 09:00:00,1709.13,4,Facebook_Ads,Direct
7861,2024-11-30 13:00:00,1617.13,8,Instagram_Ads,Email
7863,2024-09-18 13:00:00,2643.92,5,Organic_Search,Email
7868,2024-11-24 16:00:00,3613.6,3,Paid_Search,Paid_Search
7871,2024-08-21 17:00:00,3234.65,7,Instagram_Ads,Email
7877,2024-10-23 18:00:00,1243.6,3,Organic_Search,Organic_Search
7881,2024-12-20 17:00:00,1708.3,6,Paid_Search,Paid_Search
7886,2024-08-28 17:00:00,3252.62,3,Paid_Search,Direct
7889,2024-12-07 11:00:00,1714.01,8,Instagram_Ads,Paid_Search
7899,2024-10-08 22:00:00,2320.29,3,Organic_Search,Direct
7900,2024-11-29 08:00:00,2940.04,6,Paid_Search,Organic_Search
7901,2024-08-17 23:00:00,1725.32,4,Paid_Search,Email
7903,2024-10-04 06:00:00,2584.3,7,Instagram_Ads,Direct
7904,2024-10-21 18:00:00,1432.78,8,Facebook_Ads,Email
7913,2024-10-25 11:00:00,2018.91,4,Facebook_Ads,Paid_Search
7919,2024-08-17 18:00:00,2755.83,3,Paid_Search,Direct
7920,2024-11-14 06:00:00,1225.61,8,Organic_Search,Email
7931,2024-11-10 22:00:00,2852.38,5,Organic_Search,Direct
7935,2024-07-28 02:00:00,2484.29,8,Instagram_Ads,Direct
7938,2024-10-07 16:00:00,2941.99,6,Paid_Search,Direct
7941,2024-12-23 13:00:00,2679.13,6,Instagram_Ads,Organic_Search
7948,2024-08-23 17:00:00,3591.31,8,Organic_Search,Direct
7964,2024-08-03 15:00:00,2600.18,5,Paid_Search,Email
7970,2024-09-11 14:00:00,2156.48,3,Facebook_Ads,Direct
7971,2024-10-02 15:00:00,2597.84,5,Organic_Search,Direct
7986,2024-09-19 16:00:00,2934.64,4,Paid_Search,Direct
7991,2024-10-05 08:00:00,2539.09,5,Facebook_Ads,Direct
7997,2024-08-19 14:00:00,2532.47,6,Instagram_Ads,Email
8000,2024-11-16 00:00:00,1938.41,3,Instagram_Ads,Email
8016,2024-07-29 00:00:00,1969.68,4,Instagram_Ads,Organic_Search
8023,2024-09-15 02:00:00,1377.92,3,Facebook_Ads,Paid_Search
8030,2024-10-25 17:00:00,3899.66,8,Paid_Search,Paid_Search
8040,2024-12-10 14:00:00,1504.91,7,Paid_Search,Direct
8049,2024-08-14 04:00:00,1945.68,5,Paid_Search,Organic_Search
8052,2024-08-29 23:00:00,1925.27,5,Paid_Search,Direct
8053,2024-11-23 12:00:00,3215.94,7,Organic_Search,Paid_Search
8055,2024-09-14 07:00:00,2264.04,7,Organic_Search,Email
8063,2024-12-01 17:00:00,3498.19,8,Paid_Search,Email
8074,2024-08-22 06:00:00,1961.21,8,Paid_Search,Organic_Search
8076,2024-10-09 00:00:00,2723.2,6,Paid_Search,Direct
8077,2024-10-27 21:00:00,1831.72,3,Paid_Search,Email
8083,2024-12-17 05:00:00,4216.12,6,Instagram_Ads,Paid_Search
8109,2024-12-18 18:00:00,1549.92,3,Paid_Search,Paid_Search
8115,2024-09-10 23:00:00,2747.86,3,Facebook_Ads,Direct
8120,2024-11-11 19:00:00,3007.02,7,Paid_Search,Email
8133,2024-09-20 10:00:00,2831.04,6,Instagram_Ads,Direct
8134,2024-08-06 00:00:00,2351.77,3,Organic_Search,Organic_Search
8139,2024-11-08 08:00:00,2396.14,8,Instagram_Ads,Email
8140,2024-11-01 11:00:00,2535.05,4,Instagram_Ads,Organic_Search
8150,2024-12-11 07:00:00,2382.4,3,Facebook_Ads,Direct
8158,2024-09-12 05:00:00,3271.1,7,Paid_Search,Direct
8160,2024-07-28 00:00:00,4268.42,5,Facebook_Ads,Email
8172,2024-12-03 05:00:00,2054.01,5,Facebook_Ads,Email
8187,2024-08-01 17:00:00,1404.16,5,Facebook_Ads,Email
8196,2024-10-25 04:00:00,2429.37,6,Organic_Search,Email
8203,2024-12-11 16:00:00,4563.77,3,Paid_Search,Direct
8211,2024-09-17 21:00:00,1857.06,5,Paid_Search,Direct
8212,2024-08-06 04:00:00,3811.29,8,Organic_Search,Paid_Search
8215,2024-12-06 00:00:00,3842.16,7,Facebook_Ads,Direct
8225,2024-09-21 23:00:00,2057.13,4,Instagram_Ads,Paid_Search
8232,2024-12-12 00:00:00,2955.19,6,Instagram_Ads,Direct
8234,2024-08-01 01:00:00,3802.72,5,Facebook_Ads,Email
8237,2024-07-31 11:00:00,2196.7,6,Paid_Search,Direct
8242,2024-10-17 04:00:00,2337.14,4,Paid_Search,Email
8243,2024-08-09 17:00:00,2034.66,4,Facebook_Ads,Email
8244,2024-09-22 09:00:00,1688.19,5,Facebook_Ads,Organic_Search
8245,2024-08-23 07:00:00,1980.58,8,Facebook_Ads,Paid_Search
8248,2024-11-30 23:00:00,1520.85,4,Organic_Search,Direct
8250,2024-08-25 04:00:00,2527.27,4,Facebook_Ads,Organic_Search
8255,2024-11-24 02:00:00,1884.02,4,Paid_Search,Direct
8258,2024-10-17 07:00:00,2687.03,7,Paid_Search,Paid_Search
8276,2024-12-01 23:00:00,1255.28,3,Paid_Search,Paid_Search
8295,2024-08-27 06:00:00,2764.7,6,Facebook_Ads,Direct
8298,2024-12-08 02:00:00,3166.82,4,Instagram_Ads,Direct
8299,2024-11-10 18:00:00,905.01,6,Paid_Search,Direct
8310,2024-10-31 23:00:00,2799.25,5,Instagram_Ads,Paid_Search
8317,2024-10-12 12:00:00,3482.14,7,Instagram_Ads,Paid_Search
8319,2024-07-30 13:00:00,1532.29,4,Facebook_Ads,Email
8321,2024-08-24 09:00:00,3838.06,6,Organic_Search,Direct
8323,2024-11-28 09:00:00,2835.22,3,Paid_Search,Direct
8346,2024-10-18 16:00:00,1935.99,3,Paid_Search,Direct
8349,2024-07-23 00:00:00,2455.38,3,Instagram_Ads,Paid_Search
8350,2024-09-23 11:00:00,2946.66,5,Paid_Search,Email
8353,2024-12-15 08:00:00,2560.8,4,Facebook_Ads,Direct
8355,2024-10-28 13:00:00,2931.0,6,Facebook_Ads,Paid_Search
8356,2024-12-15 12:00:00,1763.46,8,Paid_Search,Email
8364,2024-07-24 04:00:00,2635.49,7,Instagram_Ads,Paid_Search
8366,2024-10-04 21:00:00,1369.03,8,Instagram_Ads,Direct
8374,2024-09-16 17:00:00,2411.02,6,Paid_Search,Email
8377,2024-10-10 17:00:00,1776.87,5,Facebook_Ads,Direct
8381,2024-09-13 21:00:00,1911.58,6,Paid_Search,Email
8383,2024-09-12 11:00:00,3488.87,7,Facebook_Ads,Paid_Search
8393,2024-08-09 21:00:00,3373.05,8,Paid_Search,Direct
8396,2024-10-21 21:00:00,2987.31,6,Organic_Search,Email
8400,2024-08-30 10:00:00,1626.15,8,Instagram_Ads,Organic_Search
8430,2024-09-24 03:00:00,2246.87,8,Facebook_Ads,Email
8436,2024-08-09 00:00:00,3470.48,6,Organic_Search,Organic_Search
8438,2024-12-13 12:00:00,2613.37,8,Paid_Search,Email
8440,2024-11-20 00:00:00,4355.46,5,Paid_Search,Email
8449,2024-10-20 07:00:00,2814.65,4,Instagram_Ads,Email
8454,2024-10-25 00:00:00,2653.64,3,Organic_Search,Direct
8462,2024-08-01 21:00:00,2252.71,8,Facebook_Ads,Organic_Search
8464,2024-12-13 10:00:00,2606.83,7,Instagram_Ads,Paid_Search
8466,2024-11-14 19:00:00,2378.02,7,Organic_Search,Organic_Search
8468,2024-09-22 03:00:00,3066.49,7,Paid_Search,Paid_Search
8478,2024-12-05 18:00:00,3265.36,3,Instagram_Ads,Paid_Search
8486,2024-09-30 22:00:00,1871.21,6,Instagram_Ads,Paid_Search
8506,2024-09-21 13:00:00,1435.01,6,Paid_Search,Email
8511,2024-10-25 01:00:00,1031.04,6,Instagram_Ads,Email
8514,2024-08-27 13:00:00,2906.39,5,Paid_Search,Direct
8537,2024-11-05 06:00:00,1617.31,8,Paid_Search,Email
8540,2024-08-01 05:00:00,777.69,5,Instagram_Ads,Email
8541,2024-09-03 03:00:00,2810.86,5,Instagram_Ads,Direct
8542,2024-07-20 14:00:00,4494.4,7,Facebook_Ads,Paid_Search
8544,2024-10-14 12:00:00,2495.14,7,Instagram_Ads,Direct
8545,2024-08-31 08:00:00,3170.79,7,Organic_Search,Paid_Search
8548,2024-09-18 22:00:00,2565.46,3,Organic_Search,Email
8556,2024-12-19 01:00:00,2420.89,8,Instagram_Ads,Direct
8557,2024-10-31 05:00:00,3235.26,4,Organic_Search,Direct
8561,2024-09-09 06:00:00,2267.78,7,Organic_Search,Paid_Search
8562,2024-08-03 08:00:00,2713.91,7,Facebook_Ads,Organic_Search
8563,2024-07-31 19:00:00,2757.36,5,Paid_Search,Email
8565,2024-10-23 22:00:00,1965.53,6,Paid_Search,Email
8570,2024-10-27 10:00:00,3293.63,3,Instagram_Ads,Direct
8578,2024-09-06 21:00:00,2360.03,5,Facebook_Ads,Direct
8581,2024-10-09 15:00:00,1895.4,6,Instagram_Ads,Paid_Search
8586,2024-08-09 16:00:00,2929.21,8,Facebook_Ads,Organic_Search
8587,2024-11-11 02:00:00,1781.23,7,Instagram_Ads,Paid_Search
8607,2024-12-17 15:00:00,2522.54,3,Facebook_Ads,Paid_Search
8617,2024-10-12 23:00:00,2492.7,8,Facebook_Ads,Email
8620,2024-10-28 21:00:00,3368.72,6,Facebook_Ads,Paid_Search
8637,2024-07-30 09:00:00,2879.76,7,Instagram_Ads,Direct
8641,2024-11-07 21:00:00,2479.98,6,Paid_Search,Direct
8651,2024-10-29 07:00:00,3154.21,4,Paid_Search,Organic_Search
8652,2024-10-20 15:00:00,3612.17,8,Instagram_Ads,Email
8678,2024-07-26 15:00:00,2946.25,5,Paid_Search,Direct
8689,2024-11-05 22:00:00,2508.28,5,Instagram_Ads,Email
8698,2024-09-28 07:00:00,1450.53,3,Instagram_Ads,Email
8712,2024-12-23 15:00:00,1647.91,6,Instagram_Ads,Paid_Search
8715,2024-10-17 11:00:00,2255.82,8,Instagram_Ads,Organic_Search
8721,2024-10-19 15:00:00,2012.39,3,Paid_Search,Email
8724,2024-11-14 22:00:00,2350.42,7,Instagram_Ads,Email
8732,2024-10-18 01:00:00,2545.32,3,Organic_Search,Organic_Search
8739,2024-10-26 03:00:00,2923.75,6,Paid_Search,Paid_Search
8754,2024-08-22 02:00:00,2443.6,5,Paid_Search,Organic_Search
8756,2024-09-19 12:00:00,2889.2,8,Instagram_Ads,Email
8768,2024-10-27 07:00:00,2551.58,5,Facebook_Ads,Paid_Search
8790,2024-11-14 14:00:00,919.63,6,Facebook_Ads,Paid_Search
8812,2024-10-02 08:00:00,1748.53,4,Facebook_Ads,Organic_Search
8818,2024-08-18 20:00:00,2384.73,6,Paid_Search,Direct
8819,2024-11-25 23:00:00,1532.24,6,Instagram_Ads,Direct
8820,2024-12-26 20:00:00,2979.94,7,Facebook_Ads,Direct
8837,2024-08-31 00:00:00,3724.6,3,Instagram_Ads,Email
8840,2024-11-01 22:00:00,3475.01,8,Instagram_Ads,Direct
8847,2024-10-11 14:00:00,2329.25,8,Facebook_Ads,Organic_Search
8854,2024-08-29 16:00:00,3692.58,7,Facebook_Ads,Email
8856,2024-12-19 23:00:00,2618.93,4,Paid_Search,Paid_Search
8866,2024-11-01 01:00:00,2230.33,5,Facebook_Ads,Email
8879,2024-10-13 18:00:00,2009.28,6,Facebook_Ads,Direct
8885,2024-09-23 22:00:00,2258.02,4,Paid_Search,Direct
8888,2024-11-29 01:00:00,2189.46,5,Instagram_Ads,Direct
8901,2024-07-28 23:00:00,2636.33,7,Facebook_Ads,Organic_Search
8906,2024-09-07 14:00:00,2628.46,6,Paid_Search,Email
8909,2024-11-27 10:00:00,2502.44,7,Organic_Search,Paid_Search
8910,2024-07-28 16:00:00,2849.55,3,Paid_Search,Direct
8913,2024-08-08 20:00:00,3452.52,5,Paid_Search,Paid_Search
8916,2024-08-28 16:00:00,3259.64,8,Paid_Search,Organic_Search
8921,2024-07-24 07:00:00,1312.08,8,Organic_Search,Paid_Search
8927,2024-12-15 17:00:00,500.0,3,Organic_Search,Email
8930,2024-12-19 05:00:00,3247.46,8,Organic_Search,Paid_Search
8938,2024-10-15 15:00:00,1406.5,5,Facebook_Ads,Direct
8942,2024-12-09 18:00:00,2320.19,7,Paid_Search,Paid_Search
8946,2024-09-30 09:00:00,1563.91,6,Facebook_Ads,Email
8949,2024-10-13 15:00:00,1058.42,5,Instagram_Ads,Email
8952,2024-11-13 00:00:00,2933.17,4,Facebook_Ads,Direct
8955,2024-07-21 01:00:00,3107.32,5,Instagram_Ads,Direct
8957,2024-10-05 14:00:00,2038.79,4,Paid_Search,Email
8962,2024-08-30 16:00:00,500.0,7,Paid_Search,Paid_Search
8971,2024-10-10 01:00:00,2063.0,5,Facebook_Ads,Direct
8972,2024-08-01 12:00:00,2813.44,8,Paid_Search,Paid_Search
8983,2024-09-12 15:00:00,1316.87,5,Paid_Search,Email
8986,2024-09-07 15:00:00,2646.69,3,Organic_Search,Direct
8993,2024-08-29 13:00:00,2487.75,7,Organic_Search,Paid_Search
9006,2024-09-16 11:00:00,2963.43,8,Paid_Search,Direct
9014,2024-09-17 23:00:00,2595.66,8,Organic_Search,Email
9019,2024-10-30 03:00:00,1721.54,8,Paid_Search,Direct
9026,2024-10-24 19:00:00,3457.26,5,Organic_Search,Direct
9027,2024-08-30 06:00:00,2373.18,8,Instagram_Ads,Email
9034,2024-08-07 05:00:00,2478.16,5,Paid_Search,Paid_Search
9037,2024-09-23 11:00:00,1753.39,4,Paid_Search,Email
9053,2024-12-18 19:00:00,2145.37,6,Facebook_Ads,Organic_Search
9054,2024-09-27 08:00:00,1792.16,5,Paid_Search,Direct
9058,2024-08-15 03:00:00,2361.64,5,Instagram_Ads,Email
9059,2024-07-18 12:00:00,3869.37,4,Paid_Search,Paid_Search
9069,2024-08-06 23:00:00,1402.48,8,Facebook_Ads,Paid_Search
9077,2024-10-20 07:00:00,1209.15,5,Paid_Search,Organic_Search
9082,2024-11-18 16:00:00,3676.94,7,Organic_Search,Email
9088,2024-11-30 21:00:00,2332.54,4,Instagram_Ads,Direct
9095,2024-11-22 14:00:00,1964.74,7,Organic_Search,Direct
9097,2024-10-05 14:00:00,3331.92,4,Paid_Search,Direct
9099,2024-07-19 16:00:00,2015.51,5,Paid_Search,Email
9106,2024-07-29 02:00:00,3960.81,8,Paid_Search,Organic_Search
9107,2024-11-07 14:00:00,3042.34,4,Organic_Search,Paid_Search
9108,2024-09-28 02:00:00,2109.67,8,Instagram_Ads,Email
9113,2024-09-06 07:00:00,4225.85,3,Facebook_Ads,Email
9116,2024-09-06 21:00:00,2015.43,8,Paid_Search,Direct
9128,2024-09-06 06:00:00,3093.68,8,Organic_Search,Email
9139,2024-09-25 00:00:00,2739.43,6,Facebook_Ads,Organic_Search
9149,2024-08-05 17:00:00,3541.39,5,Facebook_Ads,Direct
9156,2024-12-10 07:00:00,3749.21,6,Organic_Search,Direct
9159,2024-09-17 16:00:00,2525.6,3,Instagram_Ads,Direct
9163,2024-09-07 08:00:00,1897.27,7,Instagram_Ads,Direct
9187,2024-08-18 22:00:00,2867.98,6,Facebook_Ads,Organic_Search
9189,2024-12-17 06:00:00,1957.83,6,Paid_Search,Direct
9198,2024-08-22 04:00:00,4110.71,3,Organic_Search,Email
9213,2024-10-01 05:00:00,2609.23,6,Paid_Search,Direct
9215,2024-09-25 05:00:00,2207.74,7,Facebook_Ads,Organic_Search
9218,2024-08-05 21:00:00,2647.74,4,Instagram_Ads,Paid_Search
9220,2024-10-05 14:00:00,1422.3,6,Paid_Search,Paid_Search
9229,2024-12-14 18:00:00,1722.71,6,Facebook_Ads,Direct
9233,2024-12-02 03:00:00,3460.33,5,Paid_Search,Email
9241,2024-09-16 12:00:00,1974.48,3,Instagram_Ads,Direct
9246,2024-08-17 00:00:00,1662.47,7,Organic_Search,Organic_Search
9247,2024-07-28 04:00:00,2929.32,7,Paid_Search,Organic_Search
9260,2024-09-05 11:00:00,3448.56,4,Facebook_Ads,Direct
9263,2024-10-24 05:00:00,3075.16,4,Paid_Search,Direct
9265,2024-11-17 07:00:00,3296.84,4,Instagram_Ads,Email
9274,2024-12-09 01:00:00,1894.56,6,Facebook_Ads,Paid_Search
9288,2024-11-30 08:00:00,1362.55,7,Paid_Search,Email
9290,2024-09-06 07:00:00,3701.07,4,Instagram_Ads,Email
9315,2024-11-23 11:00:00,2241.86,3,Paid_Search,Direct
9316,2024-09-03 22:00:00,2299.33,8,Paid_Search,Direct
9317,2024-11-01 13:00:00,3562.56,7,Paid_Search,Paid_Search
9324,2024-08-14 04:00:00,2944.98,4,Instagram_Ads,Email
9325,2024-12-10 06:00:00,2864.71,5,Instagram_Ads,Direct
9330,2024-09-07 02:00:00,4232.0,4,Paid_Search,Email
9344,2024-10-23 19:00:00,1985.19,6,Paid_Search,Paid_Search
9356,2024-08-17 08:00:00,3242.27,8,Facebook_Ads,Email
9361,2024-09-03 02:00:00,2545.61,6,Organic_Search,Email
9363,2024-09-20 16:00:00,2714.87,5,Facebook_Ads,Paid_Search
9371,2024-08-30 08:00:00,3722.77,7,Paid_Search,Paid_Search
9373,2024-12-14 12:00:00,2906.27,4,Instagram_Ads,Paid_Search
9374,2024-08-05 03:00:00,2930.64,3,Paid_Search,Paid_Search
9375,2024-10-11 08:00:00,3358.01,6,Paid_Search,Direct
9376,2024-09-23 07:00:00,2208.04,4,Instagram_Ads,Organic_Search
9391,2024-10-29 10:00:00,1828.63,6,Organic_Search,Direct
9393,2024-07-24 04:00:00,1664.15,5,Facebook_Ads,Paid_Search
9402,2024-10-15 00:00:00,926.91,7,Organic_Search,Email
9407,2024-10-15 02:00:00,4144.97,3,Instagram_Ads,Email
9418,2024-09-06 23:00:00,1617.43,7,Paid_Search,Direct
9424,2024-08-19 02:00:00,2323.0,4,Paid_Search,Email
9426,2024-10-26 09:00:00,2278.55,6,Paid_Search,Direct
9440,2024-11-03 02:00:00,2745.93,5,Paid_Search,Email
9442,2024-09-22 12:00:00,3152.59,3,Facebook_Ads,Direct
9444,2024-11-07 12:00:00,3188.38,4,Facebook_Ads,Direct
9449,2024-09-20 12:00:00,2033.54,6,Paid_Search,Email
9453,2024-10-17 16:00:00,2366.3,7,Paid_Search,Paid_Search
9458,2024-08-15 14:00:00,2726.06,6,Paid_Search,Direct
9468,2024-08-21 01:00:00,2301.05,7,Paid_Search,Paid_Search
9475,2024-09-18 11:00:00,3785.88,5,Paid_Search,Direct
9486,2024-09-15 16:00:00,2892.78,3,Organic_Search,Organic_Search
9488,2024-10-05 10:00:00,3087.9,8,Organic_Search,Email
9495,2024-12-13 22:00:00,3030.31,4,Facebook_Ads,Email
9496,2024-10-17 08:00:00,3438.78,4,Facebook_Ads,Email
9503,2024-09-01 00:00:00,2644.82,5,Paid_Search,Email
9509,2024-10-07 06:00:00,1462.53,4,Paid_Search,Direct
9553,2024-08-10 13:00:00,2819.75,6,Instagram_Ads,Organic_Search
9555,2024-09-20 09:00:00,1978.91,4,Facebook_Ads,Email
9558,2024-12-22 21:00:00,2077.11,7,Paid_Search,Email
9563,2024-11-25 20:00:00,2969.09,4,Facebook_Ads,Direct
9577,2024-10-21 12:00:00,3490.63,8,Paid_Search,Organic_Search
9579,2024-08-16 20:00:00,2517.02,7,Facebook_Ads,Paid_Search
9588,2024-08-17 12:00:00,2747.07,6,Organic_Search,Paid_Search
9602,2024-08-18 22:00:00,3861.77,3,Facebook_Ads,Direct
9603,2024-09-29 15:00:00,2692.6,8,Paid_Search,Email
9610,2024-07-25 19:00:00,4581.35,4,Paid_Search,Paid_Search
9621,2024-09-24 06:00:00,2952.41,7,Facebook_Ads,Email
9623,2024-11-01 18:00:00,1091.39,7,Instagram_Ads,Direct
9629,2024-11-20 20:00:00,3102.67,4,Facebook_Ads,Paid_Search
9630,2024-08-09 14:00:00,2804.93,5,Organic_Search,Direct
9638,2024-11-29 13:00:00,3531.8,6,Paid_Search,Paid_Search
9660,2024-10-27 05:00:00,3038.55,8,Paid_Search,Email
9664,2024-10-24 08:00:00,2389.24,3,Paid_Search,Email
9665,2024-08-14 10:00:00,1520.56,5,Paid_Search,Organic_Search
9669,2024-08-08 16:00:00,2332.78,5,Instagram_Ads,Paid_Search
9678,2024-08-18 11:00:00,1819.58,7,Paid_Search,Paid_Search
9683,2024-12-15 04:00:00,2035.58,8,Paid_Search,Paid_Search
9689,2024-08-27 07:00:00,2970.86,7,Facebook_Ads,Organic_Search
9694,2024-10-08 09:00:00,3835.92,3,Facebook_Ads,Direct
9695,2024-08-08 07:00:00,2815.74,5,Facebook_Ads,Organic_Search
9699,2024-09-09 13:00:00,1543.29,4,Instagram_Ads,Direct
9702,2024-11-28 22:00:00,2855.68,4,Paid_Search,Direct
9704,2024-09-30 00:00:00,3457.31,6,Facebook_Ads,Organic_Search
9717,2024-08-27 13:00:00,2012.17,8,Paid_Search,Paid_Search
9738,2024-07-27 19:00:00,2392.79,7,Paid_Search,Paid_Search
9740,2024-09-01 19:00:00,2511.75,7,Paid_Search,Paid_Search
9743,2024-11-11 23:00:00,1872.08,3,Paid_Search,Direct
9748,2024-12-07 21:00:00,3018.62,7,Organic_Search,Email
9749,2024-07-31 04:00:00,2403.24,5,Instagram_Ads,Direct
9753,2024-11-07 00:00:00,2835.63,6,Facebook_Ads,Direct
9755,2024-11-04 15:00:00,1790.01,3,Organic_Search,Paid_Search
9758,2024-12-17 08:00:00,2150.03,6,Instagram_Ads,Direct
9760,2024-09-17 23:00:00,3077.91,6,Facebook_Ads,Direct
9767,2024-11-22 23:00:00,2201.73,7,Facebook_Ads,Email
9785,2024-11-10 04:00:00,3881.57,7,Organic_Search,Direct
9788,2024-10-27 22:00:00,2180.29,5,Instagram_Ads,Email
9792,2024-07-26 12:00:00,2679.75,6,Paid_Search,Direct
9804,2024-12-02 23:00:00,3246.07,6,Paid_Search,Email
9818,2024-07-29 22:00:00,1365.31,5,Instagram_Ads,Email
9825,2024-12-01 07:00:00,1091.35,8,Instagram_Ads,Email
9829,2024-09-19 18:00:00,1279.47,7,Instagram_Ads,Email
9833,2024-11-15 03:00:00,3510.07,4,Paid_Search,Organic_Search
9836,2024-12-06 03:00:00,2058.51,6,Organic_Search,Paid_Search
9864,2024-10-10 04:00:00,4546.56,6,Facebook_Ads,Email
9865,2024-11-13 01:00:00,2048.6,8,Paid_Search,Organic_Search
9876,2024-10-02 17:00:00,2647.64,8,Paid_Search,Paid_Search
9879,2024-10-16 04:00:00,3733.69,3,Paid_Search,Direct
9883,2024-09-14 14:00:00,4104.87,5,Facebook_Ads,Direct
9885,2024-10-06 23:00:00,4149.2,3,Facebook_Ads,Email
9886,2024-10-03 01:00:00,3466.69,7,Facebook_Ads,Direct
9903,2024-09-25 23:00:00,3319.25,8,Instagram_Ads,Paid_Search
9931,2024-09-11 16:00:00,2974.02,4,Paid_Search,Paid_Search
9934,2024-09-15 13:00:00,3122.69,5,Paid_Search,Direct
9935,2024-10-07 18:00:00,2059.05,4,Instagram_Ads,Email
9939,2024-09-25 18:00:00,1845.44,3,Instagram_Ads,Email
9953,2024-09-15 18:00:00,2497.3,7,Instagram_Ads,Organic_Search
9958,2024-10-03 20:00:00,2363.85,6,Paid_Search,Direct
9963,2024-07-31 16:00:00,2137.42,5,Paid_Search,Direct
9970,2024-09-24 16:00:00,3057.11,5,Instagram_Ads,Email
9979,2024-08-11 05:00:00,3264.24,3,Facebook_Ads,Paid_Search
9988,2024-11-18 15:00:00,2570.73,7,Paid_Search,Direct
9991,2024-11-22 18:00:00,3682.02,7,Paid_Search,Organic_Search
9999,2024-07-27 04:00:00,1586.65,8,Organic_Search,Direct
