date,channel,spend,impressions,clicks,conversions,revenue
2024-07-01,Direct,0.0,0,0,0,0.0
2024-07-01,Email,1006.61,10809,532,0,0.0
2024-07-01,Facebook_Ads,7238.29,94080,3538,0,0.0
2024-07-01,Instagram_Ads,7909.82,81459,3562,0,0.0
2024-07-01,Organic_Search,0.0,0,0,0,0.0
2024-07-01,Paid_Search,8231.03,82630,6538,0,0.0
2024-07-02,Direct,0.0,0,0,0,0.0
2024-07-02,Email,949.26,12329,329,0,0.0
2024-07-02,Facebook_Ads,6282.26,79650,3682,0,0.0
2024-07-02,Instagram_Ads,6547.6,68647,3656,0,0.0
2024-07-02,Organic_Search,0.0,0,0,0,0.0
2024-07-02,Paid_Search,14731.44,214752,5937,0,0.0
2024-07-03,Direct,0.0,0,0,0,0.0
2024-07-03,Email,653.09,9065,230,0,0.0
2024-07-03,Facebook_Ads,7747.12,87807,4007,0,0.0
2024-07-03,Instagram_Ads,6313.59,70705,4008,0,0.0
2024-07-03,Organic_Search,0.0,0,0,0,0.0
2024-07-03,Paid_Search,14762.75,131632,11736,0,0.0
2024-07-04,Direct,0.0,0,0,0,0.0
2024-07-04,Email,1162.45,16806,756,0,0.0
2024-07-04,Facebook_Ads,9424.87,118833,3089,0,0.0
2024-07-04,Instagram_Ads,7067.08,102774,4357,0,0.0
2024-07-04,Organic_Search,0.0,0,0,0,0.0
2024-07-04,Paid_Search,8082.98,114448,5740,0,0.0
2024-07-05,Direct,0.0,0,0,0,0.0
2024-07-05,Email,1492.29,16726,1015,0,0.0
2024-07-05,Facebook_Ads,9044.55,103494,3210,0,0.0
2024-07-05,Instagram_Ads,9004.48,77653,3263,0,0.0
2024-07-05,Organic_Search,0.0,0,0,0,0.0
2024-07-05,Paid_Search,12978.08,186294,10004,0,0.0
2024-07-06,Direct,0.0,0,0,0,0.0
2024-07-06,Email,738.03,8378,320,0,0.0
2024-07-06,Facebook_Ads,7863.78,112985,2399,0,0.0
2024-07-06,Instagram_Ads,6445.77,64238,4352,0,0.0
2024-07-06,Organic_Search,0.0,0,0,0,0.0
2024-07-06,Paid_Search,6272.4,81138,2431,0,0.0
2024-07-07,Direct,0.0,0,0,0,0.0
2024-07-07,Email,537.29,5977,200,0,0.0
2024-07-07,Facebook_Ads,9322.04,124939,5189,0,0.0
2024-07-07,Instagram_Ads,4274.05,43599,2745,0,0.0
2024-07-07,Organic_Search,0.0,0,0,0,0.0
2024-07-07,Paid_Search,8860.8,116998,4875,0,0.0
2024-07-08,Direct,0.0,0,0,0,0.0
2024-07-08,Email,1456.04,11904,587,0,0.0
2024-07-08,Facebook_Ads,11605.95,129269,8841,0,0.0
2024-07-08,Instagram_Ads,6455.84,67710,4416,0,0.0
2024-07-08,Organic_Search,0.0,0,0,0,0.0
2024-07-08,Paid_Search,10472.81,96264,5305,0,0.0
2024-07-09,Direct,0.0,0,0,0,0.0
2024-07-09,Email,803.94,9921,307,0,0.0
2024-07-09,Facebook_Ads,11181.3,121784,8872,0,0.0
2024-07-09,Instagram_Ads,9025.82,98510,4191,0,0.0
2024-07-09,Organic_Search,0.0,0,0,0,0.0
2024-07-09,Paid_Search,9107.37,130034,6336,0,0.0
2024-07-10,Direct,0.0,0,0,0,0.0
2024-07-10,Email,679.73,9514,300,0,0.0
2024-07-10,Facebook_Ads,8346.41,73955,2867,0,0.0
2024-07-10,Instagram_Ads,6642.71,73285,5108,0,0.0
2024-07-10,Organic_Search,0.0,0,0,0,0.0
2024-07-10,Paid_Search,12910.07,166383,5612,0,0.0
2024-07-11,Direct,0.0,0,0,1,2438.32
2024-07-11,Email,1292.31,14028,712,1,2438.32
2024-07-11,Facebook_Ads,6205.66,80108,4661,1,2438.32
2024-07-11,Instagram_Ads,7048.35,60625,2978,1,2438.32
2024-07-11,Organic_Search,0.0,0,0,1,2438.32
2024-07-11,Paid_Search,10775.51,116230,6418,1,2438.32
2024-07-12,Direct,0.0,0,0,0,0.0
2024-07-12,Email,920.49,10314,384,0,0.0
2024-07-12,Facebook_Ads,11707.3,140001,8023,0,0.0
2024-07-12,Instagram_Ads,8847.15,106815,5060,0,0.0
2024-07-12,Organic_Search,0.0,0,0,0,0.0
2024-07-12,Paid_Search,14428.84,196370,11213,0,0.0
2024-07-13,Direct,0.0,0,0,0,0.0
2024-07-13,Email,491.41,3977,230,0,0.0
2024-07-13,Facebook_Ads,9806.86,93152,6101,0,0.0
2024-07-13,Instagram_Ads,4285.18,62659,1531,0,0.0
2024-07-13,Organic_Search,0.0,0,0,0,0.0
2024-07-13,Paid_Search,12600.7,126121,7231,0,0.0
2024-07-14,Direct,0.0,0,0,0,0.0
2024-07-14,Email,679.57,7946,367,0,0.0
2024-07-14,Facebook_Ads,7767.79,86754,3290,0,0.0
2024-07-14,Instagram_Ads,4490.98,36216,3379,0,0.0
2024-07-14,Organic_Search,0.0,0,0,0,0.0
2024-07-14,Paid_Search,7452.05,95240,2755,0,0.0
2024-07-15,Direct,0.0,0,0,2,4767.7
2024-07-15,Email,512.73,4194,351,2,4767.7
2024-07-15,Facebook_Ads,6741.52,86311,4313,2,4767.7
2024-07-15,Instagram_Ads,9499.33,114907,3825,2,4767.7
2024-07-15,Organic_Search,0.0,0,0,2,4767.7
2024-07-15,Paid_Search,12846.2,130459,9017,2,4767.7
2024-07-16,Direct,0.0,0,0,1,1634.76
2024-07-16,Email,638.94,7920,475,1,1634.76
2024-07-16,Facebook_Ads,11143.18,110511,8572,1,1634.76
2024-07-16,Instagram_Ads,8266.91,87182,5482,1,1634.76
2024-07-16,Organic_Search,0.0,0,0,1,1634.76
2024-07-16,Paid_Search,9025.58,96214,5149,1,1634.76
2024-07-17,Direct,0.0,0,0,0,0.0
2024-07-17,Email,1297.61,16508,936,0,0.0
2024-07-17,Facebook_Ads,6851.47,68326,2857,0,0.0
2024-07-17,Instagram_Ads,5927.42,50333,2822,0,0.0
2024-07-17,Organic_Search,0.0,0,0,0,0.0
2024-07-17,Paid_Search,13778.76,144853,10089,0,0.0
2024-07-18,Direct,0.0,0,0,2,5400.56
2024-07-18,Email,579.26,7695,447,2,5400.56
2024-07-18,Facebook_Ads,8274.74,104572,4794,2,5400.56
2024-07-18,Instagram_Ads,6561.44,66794,3590,2,5400.56
2024-07-18,Organic_Search,0.0,0,0,2,5400.56
2024-07-18,Paid_Search,10018.65,133948,6438,2,5400.56
2024-07-19,Direct,0.0,0,0,4,9145.12
2024-07-19,Email,1075.19,12602,753,4,9145.12
2024-07-19,Facebook_Ads,8681.0,118698,2975,4,9145.12
2024-07-19,Instagram_Ads,9114.79,120445,4393,4,9145.12
2024-07-19,Organic_Search,0.0,0,0,4,9145.12
2024-07-19,Paid_Search,10659.51,98210,6572,4,9145.12
2024-07-20,Direct,0.0,0,0,3,11532.09
2024-07-20,Email,581.9,6733,283,3,11532.09
2024-07-20,Facebook_Ads,5596.66,56407,1882,3,11532.09
2024-07-20,Instagram_Ads,4761.2,65848,2992,3,11532.09
2024-07-20,Organic_Search,0.0,0,0,3,11532.09
2024-07-20,Paid_Search,12007.68,97964,6601,3,11532.09
2024-07-21,Direct,0.0,0,0,4,11539.05
2024-07-21,Email,1130.89,13490,748,4,11539.05
2024-07-21,Facebook_Ads,9540.76,84596,3344,4,11539.05
2024-07-21,Instagram_Ads,5546.52,66258,3981,4,11539.05
2024-07-21,Organic_Search,0.0,0,0,4,11539.05
2024-07-21,Paid_Search,10086.53,108191,5251,4,11539.05
2024-07-22,Direct,0.0,0,0,8,20109.03
2024-07-22,Email,506.66,6985,340,8,20109.03
2024-07-22,Facebook_Ads,10060.98,128817,3249,8,20109.03
2024-07-22,Instagram_Ads,8863.75,87819,4948,8,20109.03
2024-07-22,Organic_Search,0.0,0,0,8,20109.03
2024-07-22,Paid_Search,11348.0,108932,5243,8,20109.03
2024-07-23,Direct,0.0,0,0,5,14459.53
2024-07-23,Email,1092.41,9300,494,5,14459.53
2024-07-23,Facebook_Ads,9899.46,103829,6228,5,14459.53
2024-07-23,Instagram_Ads,5143.47,75452,3413,5,14459.53
2024-07-23,Organic_Search,0.0,0,0,5,14459.53
2024-07-23,Paid_Search,11195.27,96648,6643,5,14459.53
2024-07-24,Direct,0.0,0,0,9,18062.57
2024-07-24,Email,853.65,12660,648,9,18062.57
2024-07-24,Facebook_Ads,10651.16,106212,5379,9,18062.57
2024-07-24,Instagram_Ads,7201.01,64648,2318,9,18062.57
2024-07-24,Organic_Search,0.0,0,0,9,18062.57
2024-07-24,Paid_Search,14439.87,147952,7868,9,18062.57
2024-07-25,Direct,0.0,0,0,2,8518.05
2024-07-25,Email,1416.11,19490,1094,2,8518.05
2024-07-25,Facebook_Ads,9910.49,116217,7167,2,8518.05
2024-07-25,Instagram_Ads,7665.17,89510,5496,2,8518.05
2024-07-25,Organic_Search,0.0,0,0,2,8518.05
2024-07-25,Paid_Search,13092.5,118842,10141,2,8518.05
2024-07-26,Direct,0.0,0,0,8,19883.66
2024-07-26,Email,778.25,9259,460,8,19883.66
2024-07-26,Facebook_Ads,10009.82,121856,6709,8,19883.66
2024-07-26,Instagram_Ads,9500.77,122748,6170,8,19883.66
2024-07-26,Organic_Search,0.0,0,0,8,19883.66
2024-07-26,Paid_Search,13662.3,137690,8296,8,19883.66
2024-07-27,Direct,0.0,0,0,10,26911.58
2024-07-27,Email,726.01,9095,472,10,26911.58
2024-07-27,Facebook_Ads,5551.55,74874,1959,10,26911.58
2024-07-27,Instagram_Ads,6202.2,55426,4628,10,26911.58
2024-07-27,Organic_Search,0.0,0,0,10,26911.58
2024-07-27,Paid_Search,9244.21,92936,5756,10,26911.58
2024-07-28,Direct,0.0,0,0,7,20930.04
2024-07-28,Email,572.97,5183,241,7,20930.04
2024-07-28,Facebook_Ads,8440.75,115386,3287,7,20930.04
2024-07-28,Instagram_Ads,7429.55,71580,2451,7,20930.04
2024-07-28,Organic_Search,0.0,0,0,7,20930.04
2024-07-28,Paid_Search,9825.04,94813,3270,7,20930.04
2024-07-29,Direct,0.0,0,0,12,25189.69
2024-07-29,Email,858.01,11345,272,12,25189.69
2024-07-29,Facebook_Ads,11459.94,146592,8272,12,25189.69
2024-07-29,Instagram_Ads,6919.66,72218,3406,12,25189.69
2024-07-29,Organic_Search,0.0,0,0,12,25189.69
2024-07-29,Paid_Search,11511.78,160887,3471,12,25189.69
2024-07-30,Direct,0.0,0,0,13,27480.23
2024-07-30,Email,507.67,5839,361,13,27480.23
2024-07-30,Facebook_Ads,10710.39,141673,7920,13,27480.23
2024-07-30,Instagram_Ads,6953.74,69405,4884,13,27480.23
2024-07-30,Organic_Search,0.0,0,0,13,27480.23
2024-07-30,Paid_Search,12684.24,162037,5424,13,27480.23
2024-07-31,Direct,0.0,0,0,17,49929.44
2024-07-31,Email,1070.38,14366,458,17,49929.44
2024-07-31,Facebook_Ads,10242.96,108264,3483,17,49929.44
2024-07-31,Instagram_Ads,9938.65,81636,4941,17,49929.44
2024-07-31,Organic_Search,0.0,0,0,17,49929.44
2024-07-31,Paid_Search,12090.68,100430,4087,17,49929.44
2024-08-01,Direct,0.0,0,0,14,31065.57
2024-08-01,Email,1238.19,17968,378,14,31065.57
2024-08-01,Facebook_Ads,6693.79,68445,3122,14,31065.57
2024-08-01,Instagram_Ads,9146.14,89804,4823,14,31065.57
2024-08-01,Organic_Search,0.0,0,0,14,31065.57
2024-08-01,Paid_Search,10523.29,84718,6483,14,31065.57
2024-08-02,Direct,0.0,0,0,11,27868.19
2024-08-02,Email,877.44,9025,494,11,27868.19
2024-08-02,Facebook_Ads,9495.27,122325,5676,11,27868.19
2024-08-02,Instagram_Ads,6446.78,91545,3165,11,27868.19
2024-08-02,Organic_Search,0.0,0,0,11,27868.19
2024-08-02,Paid_Search,9134.46,73260,3975,11,27868.19
2024-08-03,Direct,0.0,0,0,7,15071.79
2024-08-03,Email,583.81,8027,232,7,15071.79
2024-08-03,Facebook_Ads,8986.82,130353,4984,7,15071.79
2024-08-03,Instagram_Ads,4773.04,53568,2949,7,15071.79
2024-08-03,Organic_Search,0.0,0,0,7,15071.79
2024-08-03,Paid_Search,8577.14,75271,4003,7,15071.79
2024-08-04,Direct,0.0,0,0,7,13514.34
2024-08-04,Email,1302.66,13877,477,7,13514.34
2024-08-04,Facebook_Ads,9174.71,108894,4962,7,13514.34
2024-08-04,Instagram_Ads,4177.99,43882,2927,7,13514.34
2024-08-04,Organic_Search,0.0,0,0,7,13514.34
2024-08-04,Paid_Search,9734.34,119008,5422,7,13514.34
2024-08-05,Direct,0.0,0,0,14,39266.52
2024-08-05,Email,1483.41,20628,1000,14,39266.52
2024-08-05,Facebook_Ads,9650.55,93207,4669,14,39266.52
2024-08-05,Instagram_Ads,5044.91,73940,3498,14,39266.52
2024-08-05,Organic_Search,0.0,0,0,14,39266.52
2024-08-05,Paid_Search,10674.31,99815,4803,14,39266.52
2024-08-06,Direct,0.0,0,0,7,20479.11
2024-08-06,Email,1017.71,9763,765,7,20479.11
2024-08-06,Facebook_Ads,10402.14,142783,7830,7,20479.11
2024-08-06,Instagram_Ads,8757.26,116688,2989,7,20479.11
2024-08-06,Organic_Search,0.0,0,0,7,20479.11
2024-08-06,Paid_Search,12665.25,126987,8998,7,20479.11
2024-08-07,Direct,0.0,0,0,10,24429.08
2024-08-07,Email,921.63,10245,658,10,24429.08
2024-08-07,Facebook_Ads,6314.96,75505,1921,10,24429.08
2024-08-07,Instagram_Ads,7483.13,89674,2608,10,24429.08
2024-08-07,Organic_Search,0.0,0,0,10,24429.08
2024-08-07,Paid_Search,9480.77,130350,4914,10,24429.08
2024-08-08,Direct,0.0,0,0,4,12407.79
2024-08-08,Email,527.67,6835,402,4,12407.79
2024-08-08,Facebook_Ads,9578.64,142741,2879,4,12407.79
2024-08-08,Instagram_Ads,7769.13,101043,3716,4,12407.79
2024-08-08,Organic_Search,0.0,0,0,4,12407.79
2024-08-08,Paid_Search,12679.1,169573,5920,4,12407.79
2024-08-09,Direct,0.0,0,0,15,40115.29
2024-08-09,Email,973.15,10102,499,15,40115.29
2024-08-09,Facebook_Ads,11714.84,127265,5673,15,40115.29
2024-08-09,Instagram_Ads,6064.99,61539,4828,15,40115.29
2024-08-09,Organic_Search,0.0,0,0,15,40115.29
2024-08-09,Paid_Search,10840.86,90412,7705,15,40115.29
2024-08-10,Direct,0.0,0,0,7,17806.98
2024-08-10,Email,617.53,5599,482,7,17806.98
2024-08-10,Facebook_Ads,6065.03,82496,4501,7,17806.98
2024-08-10,Instagram_Ads,4687.37,48937,2258,7,17806.98
2024-08-10,Organic_Search,0.0,0,0,7,17806.98
2024-08-10,Paid_Search,8206.97,116092,5115,7,17806.98
2024-08-11,Direct,0.0,0,0,9,26538.18
2024-08-11,Email,1048.39,8469,350,9,26538.18
2024-08-11,Facebook_Ads,5323.24,47602,2032,9,26538.18
2024-08-11,Instagram_Ads,8308.59,66776,2811,9,26538.18
2024-08-11,Organic_Search,0.0,0,0,9,26538.18
2024-08-11,Paid_Search,6580.82,70998,5207,9,26538.18
2024-08-12,Direct,0.0,0,0,7,19968.65
2024-08-12,Email,794.57,11300,377,7,19968.65
2024-08-12,Facebook_Ads,8902.5,87884,6169,7,19968.65
2024-08-12,Instagram_Ads,8485.56,91332,3642,7,19968.65
2024-08-12,Organic_Search,0.0,0,0,7,19968.65
2024-08-12,Paid_Search,8948.56,100599,2814,7,19968.65
2024-08-13,Direct,0.0,0,0,7,15800.04
2024-08-13,Email,1389.21,20512,626,7,15800.04
2024-08-13,Facebook_Ads,9492.88,120329,4843,7,15800.04
2024-08-13,Instagram_Ads,6012.66,60661,3000,7,15800.04
2024-08-13,Organic_Search,0.0,0,0,7,15800.04
2024-08-13,Paid_Search,10181.36,132735,4637,7,15800.04
2024-08-14,Direct,0.0,0,0,10,24967.79
2024-08-14,Email,1022.79,15190,514,10,24967.79
2024-08-14,Facebook_Ads,7074.17,94533,2146,10,24967.79
2024-08-14,Instagram_Ads,8702.57,115117,5807,10,24967.79
2024-08-14,Organic_Search,0.0,0,0,10,24967.79
2024-08-14,Paid_Search,12679.55,106930,4541,10,24967.79
2024-08-15,Direct,0.0,0,0,11,26319.8
2024-08-15,Email,1298.39,10563,996,11,26319.8
2024-08-15,Facebook_Ads,6101.31,82870,4233,11,26319.8
2024-08-15,Instagram_Ads,9153.09,113271,6516,11,26319.8
2024-08-15,Organic_Search,0.0,0,0,11,26319.8
2024-08-15,Paid_Search,13783.94,153220,5093,11,26319.8
2024-08-16,Direct,0.0,0,0,10,24756.62
2024-08-16,Email,1465.55,14449,848,10,24756.62
2024-08-16,Facebook_Ads,10458.67,108508,6767,10,24756.62
2024-08-16,Instagram_Ads,7077.63,70364,2599,10,24756.62
2024-08-16,Organic_Search,0.0,0,0,10,24756.62
2024-08-16,Paid_Search,9246.12,85658,3244,10,24756.62
2024-08-17,Direct,0.0,0,0,13,33047.03
2024-08-17,Email,857.41,9201,593,13,33047.03
2024-08-17,Facebook_Ads,9516.74,91005,5379,13,33047.03
2024-08-17,Instagram_Ads,7430.69,82841,5833,13,33047.03
2024-08-17,Organic_Search,0.0,0,0,13,33047.03
2024-08-17,Paid_Search,7913.61,96897,3704,13,33047.03
2024-08-18,Direct,0.0,0,0,17,40776.04
2024-08-18,Email,441.78,5176,317,17,40776.04
2024-08-18,Facebook_Ads,8158.14,66946,6191,17,40776.04
2024-08-18,Instagram_Ads,6896.35,101588,4895,17,40776.04
2024-08-18,Organic_Search,0.0,0,0,17,40776.04
2024-08-18,Paid_Search,12580.87,128088,8880,17,40776.04
2024-08-19,Direct,0.0,0,0,9,23201.98
2024-08-19,Email,1024.68,15182,425,9,23201.98
2024-08-19,Facebook_Ads,7378.84,69197,4435,9,23201.98
2024-08-19,Instagram_Ads,6334.0,55884,3359,9,23201.98
2024-08-19,Organic_Search,0.0,0,0,9,23201.98
2024-08-19,Paid_Search,14280.86,119186,4292,9,23201.98
2024-08-20,Direct,0.0,0,0,10,25901.75
2024-08-20,Email,1441.46,13150,989,10,25901.75
2024-08-20,Facebook_Ads,11026.69,142808,5508,10,25901.75
2024-08-20,Instagram_Ads,5755.59,67501,4464,10,25901.75
2024-08-20,Organic_Search,0.0,0,0,10,25901.75
2024-08-20,Paid_Search,10446.99,107843,6147,10,25901.75
2024-08-21,Direct,0.0,0,0,8,22564.3
2024-08-21,Email,1197.08,17110,944,8,22564.3
2024-08-21,Facebook_Ads,6900.48,86371,2191,8,22564.3
2024-08-21,Instagram_Ads,9868.41,118936,6526,8,22564.3
2024-08-21,Organic_Search,0.0,0,0,8,22564.3
2024-08-21,Paid_Search,12993.89,175129,8180,8,22564.3
2024-08-22,Direct,0.0,0,0,11,24899.84
2024-08-22,Email,1140.91,13799,388,11,24899.84
2024-08-22,Facebook_Ads,6448.06,87842,2682,11,24899.84
2024-08-22,Instagram_Ads,7477.17,64214,4448,11,24899.84
2024-08-22,Organic_Search,0.0,0,0,11,24899.84
2024-08-22,Paid_Search,10932.6,160418,7350,11,24899.84
2024-08-23,Direct,0.0,0,0,9,22718.77
2024-08-23,Email,583.79,5288,189,9,22718.77
2024-08-23,Facebook_Ads,9346.57,102980,3722,9,22718.77
2024-08-23,Instagram_Ads,6046.39,89928,4754,9,22718.77
2024-08-23,Organic_Search,0.0,0,0,9,22718.77
2024-08-23,Paid_Search,12962.47,144576,7222,9,22718.77
2024-08-24,Direct,0.0,0,0,12,30355.04
2024-08-24,Email,863.61,9230,519,12,30355.04
2024-08-24,Facebook_Ads,8276.36,110807,6309,12,30355.04
2024-08-24,Instagram_Ads,8109.79,104932,3071,12,30355.04
2024-08-24,Organic_Search,0.0,0,0,12,30355.04
2024-08-24,Paid_Search,9165.39,82449,4885,12,30355.04
2024-08-25,Direct,0.0,0,0,8,20763.58
2024-08-25,Email,542.55,6149,308,8,20763.58
2024-08-25,Facebook_Ads,5255.56,67096,2320,8,20763.58
2024-08-25,Instagram_Ads,5843.65,52301,1955,8,20763.58
2024-08-25,Organic_Search,0.0,0,0,8,20763.58
2024-08-25,Paid_Search,6329.07,58310,3530,8,20763.58
2024-08-26,Direct,0.0,0,0,10,24184.85
2024-08-26,Email,581.4,5063,444,10,24184.85
2024-08-26,Facebook_Ads,10120.85,125708,6410,10,24184.85
2024-08-26,Instagram_Ads,8453.54,103091,4163,10,24184.85
2024-08-26,Organic_Search,0.0,0,0,10,24184.85
2024-08-26,Paid_Search,8071.65,100931,2787,10,24184.85
2024-08-27,Direct,0.0,0,0,10,24922.54
2024-08-27,Email,1021.54,10091,335,10,24922.54
2024-08-27,Facebook_Ads,10249.35,82181,5392,10,24922.54
2024-08-27,Instagram_Ads,9304.91,125644,3344,10,24922.54
2024-08-27,Organic_Search,0.0,0,0,10,24922.54
2024-08-27,Paid_Search,8805.78,87958,2984,10,24922.54
2024-08-28,Direct,0.0,0,0,7,20759.36
2024-08-28,Email,675.97,7537,333,7,20759.36
2024-08-28,Facebook_Ads,9620.46,126930,3761,7,20759.36
2024-08-28,Instagram_Ads,8440.38,95541,6225,7,20759.36
2024-08-28,Organic_Search,0.0,0,0,7,20759.36
2024-08-28,Paid_Search,11764.71,169410,5920,7,20759.36
2024-08-29,Direct,0.0,0,0,8,23429.91
2024-08-29,Email,1119.42,13135,636,8,23429.91
2024-08-29,Facebook_Ads,9633.01,105779,7534,8,23429.91
2024-08-29,Instagram_Ads,6998.58,69491,3131,8,23429.91
2024-08-29,Organic_Search,0.0,0,0,8,23429.91
2024-08-29,Paid_Search,8378.58,95596,4385,8,23429.91
2024-08-30,Direct,0.0,0,0,16,40049.82
2024-08-30,Email,715.97,7996,516,16,40049.82
2024-08-30,Facebook_Ads,7110.6,78670,5558,16,40049.82
2024-08-30,Instagram_Ads,7559.83,102597,3752,16,40049.82
2024-08-30,Organic_Search,0.0,0,0,16,40049.82
2024-08-30,Paid_Search,13394.08,116693,7280,16,40049.82
2024-08-31,Direct,0.0,0,0,7,20257.46
2024-08-31,Email,513.05,5093,325,7,20257.46
2024-08-31,Facebook_Ads,8853.06,122572,5072,7,20257.46
2024-08-31,Instagram_Ads,6973.47,78829,3433,7,20257.46
2024-08-31,Organic_Search,0.0,0,0,7,20257.46
2024-08-31,Paid_Search,6830.92,77517,3259,7,20257.46
2024-09-01,Direct,0.0,0,0,11,24816.41
2024-09-01,Email,718.49,10312,327,11,24816.41
2024-09-01,Facebook_Ads,7564.75,86309,2606,11,24816.41
2024-09-01,Instagram_Ads,4945.2,56580,3864,11,24816.41
2024-09-01,Organic_Search,0.0,0,0,11,24816.41
2024-09-01,Paid_Search,9077.9,133995,3980,11,24816.41
2024-09-02,Direct,0.0,0,0,7,20918.57
2024-09-02,Email,1275.93,15318,685,7,20918.57
2024-09-02,Facebook_Ads,6058.64,50779,3520,7,20918.57
2024-09-02,Instagram_Ads,5030.08,54281,3280,7,20918.57
2024-09-02,Organic_Search,0.0,0,0,7,20918.57
2024-09-02,Paid_Search,14510.99,168899,9070,7,20918.57
2024-09-03,Direct,0.0,0,0,11,25097.85
2024-09-03,Email,1388.45,13103,1106,11,25097.85
2024-09-03,Facebook_Ads,11424.68,109136,8860,11,25097.85
2024-09-03,Instagram_Ads,7476.95,95149,5507,11,25097.85
2024-09-03,Organic_Search,0.0,0,0,11,25097.85
2024-09-03,Paid_Search,10465.91,113592,8359,11,25097.85
2024-09-04,Direct,0.0,0,0,9,24408.5
2024-09-04,Email,1188.34,11507,828,9,24408.5
2024-09-04,Facebook_Ads,11173.46,92146,7450,9,24408.5
2024-09-04,Instagram_Ads,5648.67,81085,4314,9,24408.5
2024-09-04,Organic_Search,0.0,0,0,9,24408.5
2024-09-04,Paid_Search,9643.3,93092,2961,9,24408.5
2024-09-05,Direct,0.0,0,0,10,22518.67
2024-09-05,Email,784.45,11419,296,10,22518.67
2024-09-05,Facebook_Ads,6062.83,82535,2836,10,22518.67
2024-09-05,Instagram_Ads,5437.73,66500,2629,10,22518.67
2024-09-05,Organic_Search,0.0,0,0,10,22518.67
2024-09-05,Paid_Search,10493.2,157101,4754,10,22518.67
2024-09-06,Direct,0.0,0,0,13,34707.73
2024-09-06,Email,887.31,7970,485,13,34707.73
2024-09-06,Facebook_Ads,6758.95,75376,5192,13,34707.73
2024-09-06,Instagram_Ads,8221.15,80305,3914,13,34707.73
2024-09-06,Organic_Search,0.0,0,0,13,34707.73
2024-09-06,Paid_Search,10084.0,112460,6392,13,34707.73
2024-09-07,Direct,0.0,0,0,9,24381.71
2024-09-07,Email,1116.93,12439,341,9,24381.71
2024-09-07,Facebook_Ads,7761.39,86311,5734,9,24381.71
2024-09-07,Instagram_Ads,5422.1,53665,4312,9,24381.71
2024-09-07,Organic_Search,0.0,0,0,9,24381.71
2024-09-07,Paid_Search,9983.59,139383,6125,9,24381.71
2024-09-08,Direct,0.0,0,0,3,7419.58
2024-09-08,Email,936.09,8620,335,3,7419.58
2024-09-08,Facebook_Ads,9975.95,123037,4762,3,7419.58
2024-09-08,Instagram_Ads,5305.25,70613,2682,3,7419.58
2024-09-08,Organic_Search,0.0,0,0,3,7419.58
2024-09-08,Paid_Search,5908.44,85887,2488,3,7419.58
2024-09-09,Direct,0.0,0,0,7,17672.65
2024-09-09,Email,939.02,7747,286,7,17672.65
2024-09-09,Facebook_Ads,6082.31,88072,2378,7,17672.65
2024-09-09,Instagram_Ads,9048.27,91055,4922,7,17672.65
2024-09-09,Organic_Search,0.0,0,0,7,17672.65
2024-09-09,Paid_Search,12308.4,171052,9020,7,17672.65
2024-09-10,Direct,0.0,0,0,7,20139.27
2024-09-10,Email,1478.93,19026,1051,7,20139.27
2024-09-10,Facebook_Ads,8993.15,86266,5364,7,20139.27
2024-09-10,Instagram_Ads,5293.3,70350,2511,7,20139.27
2024-09-10,Organic_Search,0.0,0,0,7,20139.27
2024-09-10,Paid_Search,11489.38,98419,5530,7,20139.27
2024-09-11,Direct,0.0,0,0,7,19111.58
2024-09-11,Email,1463.35,20882,1085,7,19111.58
2024-09-11,Facebook_Ads,11589.98,167748,8351,7,19111.58
2024-09-11,Instagram_Ads,8796.52,122836,3714,7,19111.58
2024-09-11,Organic_Search,0.0,0,0,7,19111.58
2024-09-11,Paid_Search,11702.2,120107,5600,7,19111.58
2024-09-12,Direct,0.0,0,0,7,15686.35
2024-09-12,Email,1460.36,15550,977,7,15686.35
2024-09-12,Facebook_Ads,9524.08,125223,3453,7,15686.35
2024-09-12,Instagram_Ads,5024.93,53278,2449,7,15686.35
2024-09-12,Organic_Search,0.0,0,0,7,15686.35
2024-09-12,Paid_Search,9588.86,137988,4343,7,15686.35
2024-09-13,Direct,0.0,0,0,5,13617.25
2024-09-13,Email,711.03,7754,283,5,13617.25
2024-09-13,Facebook_Ads,7580.95,110485,3436,5,13617.25
2024-09-13,Instagram_Ads,6263.83,69813,4532,5,13617.25
2024-09-13,Organic_Search,0.0,0,0,5,13617.25
2024-09-13,Paid_Search,9171.91,114974,4286,5,13617.25
2024-09-14,Direct,0.0,0,0,7,18078.7
2024-09-14,Email,1137.83,15205,870,7,18078.7
2024-09-14,Facebook_Ads,5154.31,67633,1557,7,18078.7
2024-09-14,Instagram_Ads,5427.9,66568,3335,7,18078.7
2024-09-14,Organic_Search,0.0,0,0,7,18078.7
2024-09-14,Paid_Search,12099.47,166909,7821,7,18078.7
2024-09-15,Direct,0.0,0,0,15,38197.68
2024-09-15,Email,826.87,12347,506,15,38197.68
2024-09-15,Facebook_Ads,7561.6,110265,5856,15,38197.68
2024-09-15,Instagram_Ads,6434.8,66996,2615,15,38197.68
2024-09-15,Organic_Search,0.0,0,0,15,38197.68
2024-09-15,Paid_Search,12555.32,176553,8587,15,38197.68
2024-09-16,Direct,0.0,0,0,12,29601.73
2024-09-16,Email,628.17,7033,465,12,29601.73
2024-09-16,Facebook_Ads,10874.0,135594,5505,12,29601.73
2024-09-16,Instagram_Ads,6410.53,53278,2961,12,29601.73
2024-09-16,Organic_Search,0.0,0,0,12,29601.73
2024-09-16,Paid_Search,10984.47,121020,6205,12,29601.73
2024-09-17,Direct,0.0,0,0,13,36608.61
2024-09-17,Email,1316.96,19540,1046,13,36608.61
2024-09-17,Facebook_Ads,7315.57,109487,5440,13,36608.61
2024-09-17,Instagram_Ads,9504.82,119551,3462,13,36608.61
2024-09-17,Organic_Search,0.0,0,0,13,36608.61
2024-09-17,Paid_Search,9476.56,108105,6430,13,36608.61
2024-09-18,Direct,0.0,0,0,19,51956.59
2024-09-18,Email,885.66,13207,308,19,51956.59
2024-09-18,Facebook_Ads,6941.01,83488,2128,19,51956.59
2024-09-18,Instagram_Ads,5476.63,77488,1921,19,51956.59
2024-09-18,Organic_Search,0.0,0,0,19,51956.59
2024-09-18,Paid_Search,14976.69,187066,10468,19,51956.59
2024-09-19,Direct,0.0,0,0,9,21911.57
2024-09-19,Email,1057.15,8590,584,9,21911.57
2024-09-19,Facebook_Ads,11462.79,98814,5090,9,21911.57
2024-09-19,Instagram_Ads,6025.43,49238,3384,9,21911.57
2024-09-19,Organic_Search,0.0,0,0,9,21911.57
2024-09-19,Paid_Search,9741.98,145450,6087,9,21911.57
2024-09-20,Direct,0.0,0,0,12,35881.59
2024-09-20,Email,1400.23,20142,688,12,35881.59
2024-09-20,Facebook_Ads,8219.56,105751,5077,12,35881.59
2024-09-20,Instagram_Ads,6320.51,63164,2472,12,35881.59
2024-09-20,Organic_Search,0.0,0,0,12,35881.59
2024-09-20,Paid_Search,10479.25,114011,4939,12,35881.59
2024-09-21,Direct,0.0,0,0,12,30963.69
2024-09-21,Email,1104.97,14969,443,12,30963.69
2024-09-21,Facebook_Ads,8682.61,105102,5446,12,30963.69
2024-09-21,Instagram_Ads,8050.77,116956,3463,12,30963.69
2024-09-21,Organic_Search,0.0,0,0,12,30963.69
2024-09-21,Paid_Search,10710.16,95525,3902,12,30963.69
2024-09-22,Direct,0.0,0,0,7,16627.22
2024-09-22,Email,714.9,7728,378,7,16627.22
2024-09-22,Facebook_Ads,6086.28,78522,4100,7,16627.22
2024-09-22,Instagram_Ads,6799.69,100325,3766,7,16627.22
2024-09-22,Organic_Search,0.0,0,0,7,16627.22
2024-09-22,Paid_Search,10452.95,94869,4986,7,16627.22
2024-09-23,Direct,0.0,0,0,12,30770.29
2024-09-23,Email,1496.85,12722,640,12,30770.29
2024-09-23,Facebook_Ads,11475.35,131303,8240,12,30770.29
2024-09-23,Instagram_Ads,8759.97,95467,4552,12,30770.29
2024-09-23,Organic_Search,0.0,0,0,12,30770.29
2024-09-23,Paid_Search,9567.68,90654,6708,12,30770.29
2024-09-24,Direct,0.0,0,0,10,24360.52
2024-09-24,Email,549.51,7099,385,10,24360.52
2024-09-24,Facebook_Ads,10940.5,106371,6130,10,24360.52
2024-09-24,Instagram_Ads,9602.25,129566,6755,10,24360.52
2024-09-24,Organic_Search,0.0,0,0,10,24360.52
2024-09-24,Paid_Search,9622.88,83140,5858,10,24360.52
2024-09-25,Direct,0.0,0,0,15,36437.17
2024-09-25,Email,1251.66,10995,567,15,36437.17
2024-09-25,Facebook_Ads,7880.17,83495,4834,15,36437.17
2024-09-25,Instagram_Ads,8349.8,103080,5436,15,36437.17
2024-09-25,Organic_Search,0.0,0,0,15,36437.17
2024-09-25,Paid_Search,12682.82,128388,7398,15,36437.17
2024-09-26,Direct,0.0,0,0,5,12763.38
2024-09-26,Email,816.77,12077,415,5,12763.38
2024-09-26,Facebook_Ads,9577.02,128611,3623,5,12763.38
2024-09-26,Instagram_Ads,7532.47,100261,3343,5,12763.38
2024-09-26,Organic_Search,0.0,0,0,5,12763.38
2024-09-26,Paid_Search,13898.21,116498,7444,5,12763.38
2024-09-27,Direct,0.0,0,0,7,22453.41
2024-09-27,Email,1214.14,11901,573,7,22453.41
2024-09-27,Facebook_Ads,7606.59,106836,5638,7,22453.41
2024-09-27,Instagram_Ads,6879.9,70297,2446,7,22453.41
2024-09-27,Organic_Search,0.0,0,0,7,22453.41
2024-09-27,Paid_Search,12633.43,185014,8013,7,22453.41
2024-09-28,Direct,0.0,0,0,8,19050.24
2024-09-28,Email,840.59,7799,509,8,19050.24
2024-09-28,Facebook_Ads,10001.73,121285,7199,8,19050.24
2024-09-28,Instagram_Ads,5076.85,60106,3028,8,19050.24
2024-09-28,Organic_Search,0.0,0,0,8,19050.24
2024-09-28,Paid_Search,11811.94,96822,8227,8,19050.24
2024-09-29,Direct,0.0,0,0,12,32061.37
2024-09-29,Email,891.83,8336,538,12,32061.37
2024-09-29,Facebook_Ads,6309.36,58012,3421,12,32061.37
2024-09-29,Instagram_Ads,4752.9,62860,1493,12,32061.37
2024-09-29,Organic_Search,0.0,0,0,12,32061.37
2024-09-29,Paid_Search,7306.22,72277,3735,12,32061.37
2024-09-30,Direct,0.0,0,0,10,24077.31
2024-09-30,Email,1341.0,13914,584,10,24077.31
2024-09-30,Facebook_Ads,8159.82,105666,4172,10,24077.31
2024-09-30,Instagram_Ads,9070.08,98710,6396,10,24077.31
2024-09-30,Organic_Search,0.0,0,0,10,24077.31
2024-09-30,Paid_Search,9499.21,124907,5974,10,24077.31
2024-10-01,Direct,0.0,0,0,7,21543.66
2024-10-01,Email,1398.72,12153,922,7,21543.66
2024-10-01,Facebook_Ads,11129.61,127328,3792,7,21543.66
2024-10-01,Instagram_Ads,5970.91,86790,2859,7,21543.66
2024-10-01,Organic_Search,0.0,0,0,7,21543.66
2024-10-01,Paid_Search,13417.33,197744,4688,7,21543.66
2024-10-02,Direct,0.0,0,0,11,27907.58
2024-10-02,Email,806.91,7105,445,11,27907.58
2024-10-02,Facebook_Ads,11473.07,118486,8422,11,27907.58
2024-10-02,Instagram_Ads,6249.51,90333,3724,11,27907.58
2024-10-02,Organic_Search,0.0,0,0,11,27907.58
2024-10-02,Paid_Search,11070.98,144822,6088,11,27907.58
2024-10-03,Direct,0.0,0,0,9,22887.95
2024-10-03,Email,758.54,8858,596,9,22887.95
2024-10-03,Facebook_Ads,10825.03,149288,8412,9,22887.95
2024-10-03,Instagram_Ads,5029.22,72669,2622,9,22887.95
2024-10-03,Organic_Search,0.0,0,0,9,22887.95
2024-10-03,Paid_Search,10448.4,121280,3915,9,22887.95
2024-10-04,Direct,0.0,0,0,6,11604.64
2024-10-04,Email,918.81,11594,676,6,11604.64
2024-10-04,Facebook_Ads,10422.79,110430,5212,6,11604.64
2024-10-04,Instagram_Ads,5313.43,63726,1924,6,11604.64
2024-10-04,Organic_Search,0.0,0,0,6,11604.64
2024-10-04,Paid_Search,8245.95,69736,4696,6,11604.64
2024-10-05,Direct,0.0,0,0,15,38755.08
2024-10-05,Email,509.24,7092,221,15,38755.08
2024-10-05,Facebook_Ads,8060.26,83771,4418,15,38755.08
2024-10-05,Instagram_Ads,4998.18,56445,3988,15,38755.08
2024-10-05,Organic_Search,0.0,0,0,15,38755.08
2024-10-05,Paid_Search,8027.43,68799,2691,15,38755.08
2024-10-06,Direct,0.0,0,0,12,30797.62
2024-10-06,Email,456.99,4211,215,12,30797.62
2024-10-06,Facebook_Ads,7007.08,69903,2976,12,30797.62
2024-10-06,Instagram_Ads,6977.15,65703,3892,12,30797.62
2024-10-06,Organic_Search,0.0,0,0,12,30797.62
2024-10-06,Paid_Search,11566.18,111184,6723,12,30797.62
2024-10-07,Direct,0.0,0,0,10,22991.81
2024-10-07,Email,910.29,8214,328,10,22991.81
2024-10-07,Facebook_Ads,6746.1,92784,4382,10,22991.81
2024-10-07,Instagram_Ads,9928.22,111067,6318,10,22991.81
2024-10-07,Organic_Search,0.0,0,0,10,22991.81
2024-10-07,Paid_Search,12152.24,112795,9337,10,22991.81
2024-10-08,Direct,0.0,0,0,9,23543.94
2024-10-08,Email,922.74,9759,301,9,23543.94
2024-10-08,Facebook_Ads,8330.55,118970,4547,9,23543.94
2024-10-08,Instagram_Ads,5365.52,60484,2696,9,23543.94
2024-10-08,Organic_Search,0.0,0,0,9,23543.94
2024-10-08,Paid_Search,14411.85,162084,4653,9,23543.94
2024-10-09,Direct,0.0,0,0,9,18879.63
2024-10-09,Email,813.11,10613,253,9,18879.63
2024-10-09,Facebook_Ads,10598.04,113116,3732,9,18879.63
2024-10-09,Instagram_Ads,8264.24,113618,3626,9,18879.63
2024-10-09,Organic_Search,0.0,0,0,9,18879.63
2024-10-09,Paid_Search,11796.91,157541,4678,9,18879.63
2024-10-10,Direct,0.0,0,0,11,31524.27
2024-10-10,Email,710.25,6083,416,11,31524.27
2024-10-10,Facebook_Ads,11920.57,121883,8831,11,31524.27
2024-10-10,Instagram_Ads,8352.4,124312,4161,11,31524.27
2024-10-10,Organic_Search,0.0,0,0,11,31524.27
2024-10-10,Paid_Search,12072.66,166248,4658,11,31524.27
2024-10-11,Direct,0.0,0,0,9,26221.53
2024-10-11,Email,937.26,7765,722,9,26221.53
2024-10-11,Facebook_Ads,10030.74,121531,4468,9,26221.53
2024-10-11,Instagram_Ads,6617.78,56647,2826,9,26221.53
2024-10-11,Organic_Search,0.0,0,0,9,26221.53
2024-10-11,Paid_Search,9740.92,79697,4288,9,26221.53
2024-10-12,Direct,0.0,0,0,8,19872.65
2024-10-12,Email,936.14,8869,304,8,19872.65
2024-10-12,Facebook_Ads,7305.08,58488,2220,8,19872.65
2024-10-12,Instagram_Ads,6173.77,62502,3459,8,19872.65
2024-10-12,Organic_Search,0.0,0,0,8,19872.65
2024-10-12,Paid_Search,10999.52,121214,8660,8,19872.65
2024-10-13,Direct,0.0,0,0,5,10286.76
2024-10-13,Email,436.59,4383,264,5,10286.76
2024-10-13,Facebook_Ads,5553.16,82204,1842,5,10286.76
2024-10-13,Instagram_Ads,4870.58,39176,3516,5,10286.76
2024-10-13,Organic_Search,0.0,0,0,5,10286.76
2024-10-13,Paid_Search,7898.55,96823,4840,5,10286.76
2024-10-14,Direct,0.0,0,0,12,30184.17
2024-10-14,Email,1005.96,9245,804,12,30184.17
2024-10-14,Facebook_Ads,10999.88,96565,4655,12,30184.17
2024-10-14,Instagram_Ads,7124.99,82931,4802,12,30184.17
2024-10-14,Organic_Search,0.0,0,0,12,30184.17
2024-10-14,Paid_Search,8072.08,103486,3231,12,30184.17
2024-10-15,Direct,0.0,0,0,9,20646.51
2024-10-15,Email,855.96,10924,399,9,20646.51
2024-10-15,Facebook_Ads,7185.73,73536,3860,9,20646.51
2024-10-15,Instagram_Ads,5547.54,50209,1940,9,20646.51
2024-10-15,Organic_Search,0.0,0,0,9,20646.51
2024-10-15,Paid_Search,8709.23,96026,5982,9,20646.51
2024-10-16,Direct,0.0,0,0,5,15012.12
2024-10-16,Email,754.56,10977,256,5,15012.12
2024-10-16,Facebook_Ads,9413.21,124371,4487,5,15012.12
2024-10-16,Instagram_Ads,9156.25,92343,3297,5,15012.12
2024-10-16,Organic_Search,0.0,0,0,5,15012.12
2024-10-16,Paid_Search,13524.51,201772,6595,5,15012.12
2024-10-17,Direct,0.0,0,0,10,28056.29
2024-10-17,Email,1499.26,17193,828,10,28056.29
2024-10-17,Facebook_Ads,10752.49,106966,8447,10,28056.29
2024-10-17,Instagram_Ads,5831.72,57772,4223,10,28056.29
2024-10-17,Organic_Search,0.0,0,0,10,28056.29
2024-10-17,Paid_Search,8970.71,73870,4341,10,28056.29
2024-10-18,Direct,0.0,0,0,10,21820.02
2024-10-18,Email,1052.35,13984,729,10,21820.02
2024-10-18,Facebook_Ads,6643.37,53729,2870,10,21820.02
2024-10-18,Instagram_Ads,9686.53,93493,3133,10,21820.02
2024-10-18,Organic_Search,0.0,0,0,10,21820.02
2024-10-18,Paid_Search,12793.99,169749,9016,10,21820.02
2024-10-19,Direct,0.0,0,0,7,14997.03
2024-10-19,Email,694.75,9911,499,7,14997.03
2024-10-19,Facebook_Ads,8955.85,110985,2843,7,14997.03
2024-10-19,Instagram_Ads,5318.35,61291,2204,7,14997.03
2024-10-19,Organic_Search,0.0,0,0,7,14997.03
2024-10-19,Paid_Search,9208.76,94916,4561,7,14997.03
2024-10-20,Direct,0.0,0,0,16,42491.25
2024-10-20,Email,399.63,3420,257,16,42491.25
2024-10-20,Facebook_Ads,9630.88,84585,6662,16,42491.25
2024-10-20,Instagram_Ads,5303.68,47144,4007,16,42491.25
2024-10-20,Organic_Search,0.0,0,0,16,42491.25
2024-10-20,Paid_Search,8552.17,88997,3678,16,42491.25
2024-10-21,Direct,0.0,0,0,8,18567.64
2024-10-21,Email,992.29,8785,321,8,18567.64
2024-10-21,Facebook_Ads,10580.33,108536,6379,8,18567.64
2024-10-21,Instagram_Ads,9980.69,114733,4729,8,18567.64
2024-10-21,Organic_Search,0.0,0,0,8,18567.64
2024-10-21,Paid_Search,12757.38,135235,9959,8,18567.64
2024-10-22,Direct,0.0,0,0,8,19459.96
2024-10-22,Email,1295.47,14352,1030,8,19459.96
2024-10-22,Facebook_Ads,9910.32,99973,7349,8,19459.96
2024-10-22,Instagram_Ads,8879.0,111804,4855,8,19459.96
2024-10-22,Organic_Search,0.0,0,0,8,19459.96
2024-10-22,Paid_Search,8595.01,114252,3607,8,19459.96
2024-10-23,Direct,0.0,0,0,14,27713.18
2024-10-23,Email,1307.07,10812,659,14,27713.18
2024-10-23,Facebook_Ads,9366.81,82299,7366,14,27713.18
2024-10-23,Instagram_Ads,8792.61,98619,4799,14,27713.18
2024-10-23,Organic_Search,0.0,0,0,14,27713.18
2024-10-23,Paid_Search,14356.7,180451,10399,14,27713.18
2024-10-24,Direct,0.0,0,0,11,29359.68
2024-10-24,Email,735.02,6681,300,11,29359.68
2024-10-24,Facebook_Ads,7862.73,105221,4351,11,29359.68
2024-10-24,Instagram_Ads,7840.57,86397,5522,11,29359.68
2024-10-24,Organic_Search,0.0,0,0,11,29359.68
2024-10-24,Paid_Search,11088.52,125419,7173,11,29359.68
2024-10-25,Direct,0.0,0,0,11,27464.99
2024-10-25,Email,1246.97,16236,641,11,27464.99
2024-10-25,Facebook_Ads,9222.5,75205,7192,11,27464.99
2024-10-25,Instagram_Ads,9125.18,133225,6484,11,27464.99
2024-10-25,Organic_Search,0.0,0,0,11,27464.99
2024-10-25,Paid_Search,8494.12,90043,3314,11,27464.99
2024-10-26,Direct,0.0,0,0,8,20417.99
2024-10-26,Email,739.55,7260,297,8,20417.99
2024-10-26,Facebook_Ads,9757.67,104834,7187,8,20417.99
2024-10-26,Instagram_Ads,8043.54,93895,4427,8,20417.99
2024-10-26,Organic_Search,0.0,0,0,8,20417.99
2024-10-26,Paid_Search,9478.42,87236,4514,8,20417.99
2024-10-27,Direct,0.0,0,0,13,33803.45
2024-10-27,Email,599.22,8413,393,13,33803.45
2024-10-27,Facebook_Ads,6139.99,75441,4843,13,33803.45
2024-10-27,Instagram_Ads,7332.02,98596,4067,13,33803.45
2024-10-27,Organic_Search,0.0,0,0,13,33803.45
2024-10-27,Paid_Search,11179.88,114324,7621,13,33803.45
2024-10-28,Direct,0.0,0,0,11,29616.33
2024-10-28,Email,1143.25,13832,713,11,29616.33
2024-10-28,Facebook_Ads,8254.29,117318,3066,11,29616.33
2024-10-28,Instagram_Ads,9593.16,126776,5192,11,29616.33
2024-10-28,Organic_Search,0.0,0,0,11,29616.33
2024-10-28,Paid_Search,12954.34,107128,7033,11,29616.33
2024-10-29,Direct,0.0,0,0,10,19774.54
2024-10-29,Email,1119.98,13888,743,10,19774.54
2024-10-29,Facebook_Ads,8566.75,114198,5491,10,19774.54
2024-10-29,Instagram_Ads,5823.15,61208,1941,10,19774.54
2024-10-29,Organic_Search,0.0,0,0,10,19774.54
2024-10-29,Paid_Search,13668.46,116042,9872,10,19774.54
2024-10-30,Direct,0.0,0,0,12,26274.96
2024-10-30,Email,925.4,12159,422,12,26274.96
2024-10-30,Facebook_Ads,10689.76,89307,8133,12,26274.96
2024-10-30,Instagram_Ads,6371.69,64636,2738,12,26274.96
2024-10-30,Organic_Search,0.0,0,0,12,26274.96
2024-10-30,Paid_Search,8660.41,92703,6222,12,26274.96
2024-10-31,Direct,0.0,0,0,12,33655.34
2024-10-31,Email,1372.05,14346,744,12,33655.34
2024-10-31,Facebook_Ads,8054.82,106123,4634,12,33655.34
2024-10-31,Instagram_Ads,7342.02,66200,5193,12,33655.34
2024-10-31,Organic_Search,0.0,0,0,12,33655.34
2024-10-31,Paid_Search,10413.85,116153,4254,12,33655.34
2024-11-01,Direct,0.0,0,0,13,33164.36
2024-11-01,Email,1074.77,15646,350,13,33164.36
2024-11-01,Facebook_Ads,7832.07,106734,3154,13,33164.36
2024-11-01,Instagram_Ads,7246.61,98650,4161,13,33164.36
2024-11-01,Organic_Search,0.0,0,0,13,33164.36
2024-11-01,Paid_Search,11313.78,122513,8433,13,33164.36
2024-11-02,Direct,0.0,0,0,7,16330.08
2024-11-02,Email,658.84,7501,512,7,16330.08
2024-11-02,Facebook_Ads,9976.74,143780,4598,7,16330.08
2024-11-02,Instagram_Ads,5433.5,70055,3736,7,16330.08
2024-11-02,Organic_Search,0.0,0,0,7,16330.08
2024-11-02,Paid_Search,9557.69,86452,5237,7,16330.08
2024-11-03,Direct,0.0,0,0,8,22154.23
2024-11-03,Email,537.97,4584,401,8,22154.23
2024-11-03,Facebook_Ads,4850.78,43911,3455,8,22154.23
2024-11-03,Instagram_Ads,7199.9,85934,3508,8,22154.23
2024-11-03,Organic_Search,0.0,0,0,8,22154.23
2024-11-03,Paid_Search,10070.68,80709,5412,8,22154.23
2024-11-04,Direct,0.0,0,0,9,20047.85
2024-11-04,Email,1264.91,16082,490,9,20047.85
2024-11-04,Facebook_Ads,9341.4,119948,5982,9,20047.85
2024-11-04,Instagram_Ads,9824.54,132712,6283,9,20047.85
2024-11-04,Organic_Search,0.0,0,0,9,20047.85
2024-11-04,Paid_Search,13445.85,141519,8231,9,20047.85
2024-11-05,Direct,0.0,0,0,7,19535.69
2024-11-05,Email,718.09,6566,481,7,19535.69
2024-11-05,Facebook_Ads,10614.73,147655,7567,7,19535.69
2024-11-05,Instagram_Ads,5950.6,61500,3859,7,19535.69
2024-11-05,Organic_Search,0.0,0,0,7,19535.69
2024-11-05,Paid_Search,9262.5,129069,2923,7,19535.69
2024-11-06,Direct,0.0,0,0,6,12912.75
2024-11-06,Email,698.16,5605,395,6,12912.75
2024-11-06,Facebook_Ads,10182.44,151928,7335,6,12912.75
2024-11-06,Instagram_Ads,9733.56,89250,4352,6,12912.75
2024-11-06,Organic_Search,0.0,0,0,6,12912.75
2024-11-06,Paid_Search,9750.77,78916,3951,6,12912.75
2024-11-07,Direct,0.0,0,0,12,35895.0
2024-11-07,Email,768.88,8756,411,12,35895.0
2024-11-07,Facebook_Ads,11982.15,137222,5241,12,35895.0
2024-11-07,Instagram_Ads,5718.74,67187,3442,12,35895.0
2024-11-07,Organic_Search,0.0,0,0,12,35895.0
2024-11-07,Paid_Search,14780.41,192059,6415,12,35895.0
2024-11-08,Direct,0.0,0,0,11,29244.48
2024-11-08,Email,962.88,13494,351,11,29244.48
2024-11-08,Facebook_Ads,6830.68,85943,4019,11,29244.48
2024-11-08,Instagram_Ads,6583.09,56965,3667,11,29244.48
2024-11-08,Organic_Search,0.0,0,0,11,29244.48
2024-11-08,Paid_Search,13960.0,141893,8318,11,29244.48
2024-11-09,Direct,0.0,0,0,6,15951.62
2024-11-09,Email,744.93,8720,547,6,15951.62
2024-11-09,Facebook_Ads,6027.21,52730,2404,6,15951.62
2024-11-09,Instagram_Ads,4768.96,39427,2744,6,15951.62
2024-11-09,Organic_Search,0.0,0,0,6,15951.62
2024-11-09,Paid_Search,8451.58,109869,5009,6,15951.62
2024-11-10,Direct,0.0,0,0,9,21046.68
2024-11-10,Email,399.45,4798,260,9,21046.68
2024-11-10,Facebook_Ads,6806.91,86832,3286,9,21046.68
2024-11-10,Instagram_Ads,7123.99,92666,4195,9,21046.68
2024-11-10,Organic_Search,0.0,0,0,9,21046.68
2024-11-10,Paid_Search,10683.77,132140,6437,9,21046.68
2024-11-11,Direct,0.0,0,0,10,25235.12
2024-11-11,Email,911.19,7725,507,10,25235.12
2024-11-11,Facebook_Ads,8572.2,71070,4329,10,25235.12
2024-11-11,Instagram_Ads,7577.94,110050,4531,10,25235.12
2024-11-11,Organic_Search,0.0,0,0,10,25235.12
2024-11-11,Paid_Search,11190.14,146884,8296,10,25235.12
2024-11-12,Direct,0.0,0,0,11,26438.0
2024-11-12,Email,912.19,12033,586,11,26438.0
2024-11-12,Facebook_Ads,11527.11,143233,5182,11,26438.0
2024-11-12,Instagram_Ads,8146.73,98667,4815,11,26438.0
2024-11-12,Organic_Search,0.0,0,0,11,26438.0
2024-11-12,Paid_Search,12972.0,143327,6476,11,26438.0
2024-11-13,Direct,0.0,0,0,12,30015.27
2024-11-13,Email,1375.48,17662,871,12,30015.27
2024-11-13,Facebook_Ads,6472.96,55116,3624,12,30015.27
2024-11-13,Instagram_Ads,6408.04,71474,3227,12,30015.27
2024-11-13,Organic_Search,0.0,0,0,12,30015.27
2024-11-13,Paid_Search,11653.35,169353,7262,12,30015.27
2024-11-14,Direct,0.0,0,0,9,18483.15
2024-11-14,Email,582.51,5924,254,9,18483.15
2024-11-14,Facebook_Ads,11840.4,173472,6721,9,18483.15
2024-11-14,Instagram_Ads,6782.03,84699,2773,9,18483.15
2024-11-14,Organic_Search,0.0,0,0,9,18483.15
2024-11-14,Paid_Search,8753.17,116325,6758,9,18483.15
2024-11-15,Direct,0.0,0,0,9,26719.54
2024-11-15,Email,1031.36,14163,459,9,26719.54
2024-11-15,Facebook_Ads,7679.13,97098,4316,9,26719.54
2024-11-15,Instagram_Ads,9993.35,109062,4114,9,26719.54
2024-11-15,Organic_Search,0.0,0,0,9,26719.54
2024-11-15,Paid_Search,9475.77,100042,4190,9,26719.54
2024-11-16,Direct,0.0,0,0,7,14751.14
2024-11-16,Email,1003.4,13275,379,7,14751.14
2024-11-16,Facebook_Ads,8566.53,91296,4994,7,14751.14
2024-11-16,Instagram_Ads,4687.24,55386,1700,7,14751.14
2024-11-16,Organic_Search,0.0,0,0,7,14751.14
2024-11-16,Paid_Search,9695.13,119963,3658,7,14751.14
2024-11-17,Direct,0.0,0,0,8,18474.98
2024-11-17,Email,439.49,6445,302,8,18474.98
2024-11-17,Facebook_Ads,5758.68,85247,4133,8,18474.98
2024-11-17,Instagram_Ads,6413.14,83248,4369,8,18474.98
2024-11-17,Organic_Search,0.0,0,0,8,18474.98
2024-11-17,Paid_Search,9799.28,129493,6328,8,18474.98
2024-11-18,Direct,0.0,0,0,10,25928.48
2024-11-18,Email,703.67,10435,348,10,25928.48
2024-11-18,Facebook_Ads,10034.85,107013,5625,10,25928.48
2024-11-18,Instagram_Ads,8184.52,118206,3585,10,25928.48
2024-11-18,Organic_Search,0.0,0,0,10,25928.48
2024-11-18,Paid_Search,14705.55,216761,10263,10,25928.48
2024-11-19,Direct,0.0,0,0,1,2617.37
2024-11-19,Email,1382.69,15753,655,1,2617.37
2024-11-19,Facebook_Ads,7783.53,113143,2771,1,2617.37
2024-11-19,Instagram_Ads,7786.47,66279,5133,1,2617.37
2024-11-19,Organic_Search,0.0,0,0,1,2617.37
2024-11-19,Paid_Search,11146.56,114130,3372,1,2617.37
2024-11-20,Direct,0.0,0,0,9,22715.04
2024-11-20,Email,1238.44,16379,585,9,22715.04
2024-11-20,Facebook_Ads,10365.39,82926,5986,9,22715.04
2024-11-20,Instagram_Ads,9133.69,108055,5283,9,22715.04
2024-11-20,Organic_Search,0.0,0,0,9,22715.04
2024-11-20,Paid_Search,12455.02,124250,5848,9,22715.04
2024-11-21,Direct,0.0,0,0,7,19167.6
2024-11-21,Email,518.2,7022,185,7,19167.6
2024-11-21,Facebook_Ads,6379.45,92849,3002,7,19167.6
2024-11-21,Instagram_Ads,6777.42,57451,4926,7,19167.6
2024-11-21,Organic_Search,0.0,0,0,7,19167.6
2024-11-21,Paid_Search,9265.02,109706,4925,7,19167.6
2024-11-22,Direct,0.0,0,0,6,14899.24
2024-11-22,Email,1396.3,20114,688,6,14899.24
2024-11-22,Facebook_Ads,11484.92,117403,7763,6,14899.24
2024-11-22,Instagram_Ads,7572.84,93201,3281,6,14899.24
2024-11-22,Organic_Search,0.0,0,0,6,14899.24
2024-11-22,Paid_Search,9798.47,128885,4013,6,14899.24
2024-11-23,Direct,0.0,0,0,8,22129.6
2024-11-23,Email,1148.2,13521,856,8,22129.6
2024-11-23,Facebook_Ads,5617.57,49713,3177,8,22129.6
2024-11-23,Instagram_Ads,4538.07,67687,2015,8,22129.6
2024-11-23,Organic_Search,0.0,0,0,8,22129.6
2024-11-23,Paid_Search,6098.83,56983,2631,8,22129.6
2024-11-24,Direct,0.0,0,0,7,16488.39
2024-11-24,Email,594.34,6052,386,7,16488.39
2024-11-24,Facebook_Ads,10032.67,126692,7270,7,16488.39
2024-11-24,Instagram_Ads,7255.78,62243,3574,7,16488.39
2024-11-24,Organic_Search,0.0,0,0,7,16488.39
2024-11-24,Paid_Search,7028.23,100397,3604,7,16488.39
2024-11-25,Direct,0.0,0,0,14,29580.74
2024-11-25,Email,1411.66,16541,508,14,29580.74
2024-11-25,Facebook_Ads,7985.68,77371,4617,14,29580.74
2024-11-25,Instagram_Ads,9051.62,134289,6261,14,29580.74
2024-11-25,Organic_Search,0.0,0,0,14,29580.74
2024-11-25,Paid_Search,10343.79,96160,7693,14,29580.74
2024-11-26,Direct,0.0,0,0,10,28626.39
2024-11-26,Email,1192.98,13265,510,10,28626.39
2024-11-26,Facebook_Ads,10431.66,126598,3729,10,28626.39
2024-11-26,Instagram_Ads,6518.38,59665,2810,10,28626.39
2024-11-26,Organic_Search,0.0,0,0,10,28626.39
2024-11-26,Paid_Search,11056.48,112505,5658,10,28626.39
2024-11-27,Direct,0.0,0,0,9,20978.65
2024-11-27,Email,1493.57,13596,944,9,20978.65
2024-11-27,Facebook_Ads,10882.73,151763,8267,9,20978.65
2024-11-27,Instagram_Ads,6051.29,63788,2218,9,20978.65
2024-11-27,Organic_Search,0.0,0,0,9,20978.65
2024-11-27,Paid_Search,10257.59,148991,3744,9,20978.65
2024-11-28,Direct,0.0,0,0,17,43959.09
2024-11-28,Email,555.18,8208,340,17,43959.09
2024-11-28,Facebook_Ads,9090.74,87908,4840,17,43959.09
2024-11-28,Instagram_Ads,9262.72,77096,4549,17,43959.09
2024-11-28,Organic_Search,0.0,0,0,17,43959.09
2024-11-28,Paid_Search,12244.12,175393,9084,17,43959.09
2024-11-29,Direct,0.0,0,0,11,31666.48
2024-11-29,Email,1123.26,13078,444,11,31666.48
2024-11-29,Facebook_Ads,6946.73,95879,4200,11,31666.48
2024-11-29,Instagram_Ads,5207.84,55966,4021,11,31666.48
2024-11-29,Organic_Search,0.0,0,0,11,31666.48
2024-11-29,Paid_Search,14734.97,131324,11293,11,31666.48
2024-11-30,Direct,0.0,0,0,21,54003.36
2024-11-30,Email,634.18,8520,267,21,54003.36
2024-11-30,Facebook_Ads,9146.48,99605,3001,21,54003.36
2024-11-30,Instagram_Ads,5101.39,54649,2406,21,54003.36
2024-11-30,Organic_Search,0.0,0,0,21,54003.36
2024-11-30,Paid_Search,10169.07,90722,6423,21,54003.36
2024-12-01,Direct,0.0,0,0,9,19210.13
2024-12-01,Email,548.8,7390,332,9,19210.13
2024-12-01,Facebook_Ads,6238.53,87549,4743,9,19210.13
2024-12-01,Instagram_Ads,6500.57,83218,4795,9,19210.13
2024-12-01,Organic_Search,0.0,0,0,9,19210.13
2024-12-01,Paid_Search,7952.33,65902,4929,9,19210.13
2024-12-02,Direct,0.0,0,0,9,26629.5
2024-12-02,Email,1429.11,13324,878,9,26629.5
2024-12-02,Facebook_Ads,6091.94,82793,2490,9,26629.5
2024-12-02,Instagram_Ads,6673.91,77756,2006,9,26629.5
2024-12-02,Organic_Search,0.0,0,0,9,26629.5
2024-12-02,Paid_Search,14971.21,217033,11599,9,26629.5
2024-12-03,Direct,0.0,0,0,11,26520.81
2024-12-03,Email,1241.81,17893,566,11,26520.81
2024-12-03,Facebook_Ads,8524.1,79272,6692,11,26520.81
2024-12-03,Instagram_Ads,7928.99,70414,2919,11,26520.81
2024-12-03,Organic_Search,0.0,0,0,11,26520.81
2024-12-03,Paid_Search,11679.92,111974,8260,11,26520.81
2024-12-04,Direct,0.0,0,0,4,10531.14
2024-12-04,Email,1109.49,15500,547,4,10531.14
2024-12-04,Facebook_Ads,7064.66,77610,4783,4,10531.14
2024-12-04,Instagram_Ads,9181.01,97252,5482,4,10531.14
2024-12-04,Organic_Search,0.0,0,0,4,10531.14
2024-12-04,Paid_Search,10930.5,146591,5037,4,10531.14
2024-12-05,Direct,0.0,0,0,10,24430.68
2024-12-05,Email,1454.64,18362,1030,10,24430.68
2024-12-05,Facebook_Ads,8145.6,77404,6239,10,24430.68
2024-12-05,Instagram_Ads,5016.85,71882,3208,10,24430.68
2024-12-05,Organic_Search,0.0,0,0,10,24430.68
2024-12-05,Paid_Search,10485.98,124704,6972,10,24430.68
2024-12-06,Direct,0.0,0,0,12,29137.64
2024-12-06,Email,586.92,7745,204,12,29137.64
2024-12-06,Facebook_Ads,10034.63,144712,5506,12,29137.64
2024-12-06,Instagram_Ads,7813.42,79552,2549,12,29137.64
2024-12-06,Organic_Search,0.0,0,0,12,29137.64
2024-12-06,Paid_Search,13638.85,114145,5648,12,29137.64
2024-12-07,Direct,0.0,0,0,9,20222.02
2024-12-07,Email,857.77,9667,491,9,20222.02
2024-12-07,Facebook_Ads,9518.81,95225,4995,9,20222.02
2024-12-07,Instagram_Ads,6008.87,79965,4093,9,20222.02
2024-12-07,Organic_Search,0.0,0,0,9,20222.02
2024-12-07,Paid_Search,11875.11,133564,5905,9,20222.02
2024-12-08,Direct,0.0,0,0,8,18855.81
2024-12-08,Email,433.47,3883,242,8,18855.81
2024-12-08,Facebook_Ads,5131.78,64466,3370,8,18855.81
2024-12-08,Instagram_Ads,5122.96,63018,3342,8,18855.81
2024-12-08,Organic_Search,0.0,0,0,8,18855.81
2024-12-08,Paid_Search,6991.86,74988,3366,8,18855.81
2024-12-09,Direct,0.0,0,0,9,21703.43
2024-12-09,Email,922.62,11519,296,9,21703.43
2024-12-09,Facebook_Ads,11206.65,131268,8174,9,21703.43
2024-12-09,Instagram_Ads,9950.84,81172,6456,9,21703.43
2024-12-09,Organic_Search,0.0,0,0,9,21703.43
2024-12-09,Paid_Search,11020.72,115859,8522,9,21703.43
2024-12-10,Direct,0.0,0,0,10,25777.79
2024-12-10,Email,1437.96,18830,782,10,25777.79
2024-12-10,Facebook_Ads,10895.03,146826,3363,10,25777.79
2024-12-10,Instagram_Ads,6338.35,93406,4920,10,25777.79
2024-12-10,Organic_Search,0.0,0,0,10,25777.79
2024-12-10,Paid_Search,13647.19,178823,10258,10,25777.79
2024-12-11,Direct,0.0,0,0,10,28464.38
2024-12-11,Email,1484.55,12774,998,10,28464.38
2024-12-11,Facebook_Ads,8414.19,93597,4439,10,28464.38
2024-12-11,Instagram_Ads,6428.09,83176,3393,10,28464.38
2024-12-11,Organic_Search,0.0,0,0,10,28464.38
2024-12-11,Paid_Search,14943.71,161492,4966,10,28464.38
2024-12-12,Direct,0.0,0,0,10,26434.38
2024-12-12,Email,1118.32,10662,447,10,26434.38
2024-12-12,Facebook_Ads,11402.24,156444,6887,10,26434.38
2024-12-12,Instagram_Ads,7176.78,70377,4167,10,26434.38
2024-12-12,Organic_Search,0.0,0,0,10,26434.38
2024-12-12,Paid_Search,9784.87,134580,4087,10,26434.38
2024-12-13,Direct,0.0,0,0,9,23896.4
2024-12-13,Email,617.92,5719,486,9,23896.4
2024-12-13,Facebook_Ads,9101.1,123996,6474,9,23896.4
2024-12-13,Instagram_Ads,6961.61,69923,2982,9,23896.4
2024-12-13,Organic_Search,0.0,0,0,9,23896.4
2024-12-13,Paid_Search,11377.52,122968,4173,9,23896.4
2024-12-14,Direct,0.0,0,0,12,28207.55
2024-12-14,Email,906.39,13156,296,12,28207.55
2024-12-14,Facebook_Ads,8620.36,74248,5679,12,28207.55
2024-12-14,Instagram_Ads,6377.98,66958,3198,12,28207.55
2024-12-14,Organic_Search,0.0,0,0,12,28207.55
2024-12-14,Paid_Search,7849.8,111100,3371,12,28207.55
2024-12-15,Direct,0.0,0,0,10,23801.08
2024-12-15,Email,790.68,7373,575,10,23801.08
2024-12-15,Facebook_Ads,6451.36,80681,1936,10,23801.08
2024-12-15,Instagram_Ads,5470.07,45031,3064,10,23801.08
2024-12-15,Organic_Search,0.0,0,0,10,23801.08
2024-12-15,Paid_Search,7804.1,66653,4779,10,23801.08
2024-12-16,Direct,0.0,0,0,5,13696.74
2024-12-16,Email,1412.02,21050,686,5,13696.74
2024-12-16,Facebook_Ads,11306.81,130280,5638,5,13696.74
2024-12-16,Instagram_Ads,9091.61,103500,4916,5,13696.74
2024-12-16,Organic_Search,0.0,0,0,5,13696.74
2024-12-16,Paid_Search,10425.11,87921,7225,5,13696.74
2024-12-17,Direct,0.0,0,0,12,35746.84
2024-12-17,Email,1199.62,10172,372,12,35746.84
2024-12-17,Facebook_Ads,8072.96,90317,4715,12,35746.84
2024-12-17,Instagram_Ads,6544.87,81524,2019,12,35746.84
2024-12-17,Organic_Search,0.0,0,0,12,35746.84
2024-12-17,Paid_Search,14021.65,184929,5540,12,35746.84
2024-12-18,Direct,0.0,0,0,7,17712.84
2024-12-18,Email,553.82,7282,251,7,17712.84
2024-12-18,Facebook_Ads,8961.82,84532,6106,7,17712.84
2024-12-18,Instagram_Ads,8123.23,77213,4291,7,17712.84
2024-12-18,Organic_Search,0.0,0,0,7,17712.84
2024-12-18,Paid_Search,10485.97,129695,3739,7,17712.84
2024-12-19,Direct,0.0,0,0,14,34200.94
2024-12-19,Email,743.15,9007,315,14,34200.94
2024-12-19,Facebook_Ads,7234.45,73135,4111,14,34200.94
2024-12-19,Instagram_Ads,6063.54,87923,3364,14,34200.94
2024-12-19,Organic_Search,0.0,0,0,14,34200.94
2024-12-19,Paid_Search,8069.59,77694,4930,14,34200.94
2024-12-20,Direct,0.0,0,0,6,11835.05
2024-12-20,Email,1389.7,19943,803,6,11835.05
2024-12-20,Facebook_Ads,7231.55,67207,4085,6,11835.05
2024-12-20,Instagram_Ads,6622.73,99164,4199,6,11835.05
2024-12-20,Organic_Search,0.0,0,0,6,11835.05
2024-12-20,Paid_Search,8142.33,122101,4460,6,11835.05
2024-12-21,Direct,0.0,0,0,5,14694.0
2024-12-21,Email,427.04,6299,223,5,14694.0
2024-12-21,Facebook_Ads,7074.88,99104,2917,5,14694.0
2024-12-21,Instagram_Ads,4496.19,47818,2626,5,14694.0
2024-12-21,Organic_Search,0.0,0,0,5,14694.0
2024-12-21,Paid_Search,11618.55,128455,8848,5,14694.0
2024-12-22,Direct,0.0,0,0,10,23253.17
2024-12-22,Email,961.97,10738,566,10,23253.17
2024-12-22,Facebook_Ads,5090.91,48274,3781,10,23253.17
2024-12-22,Instagram_Ads,4094.46,55604,1235,10,23253.17
2024-12-22,Organic_Search,0.0,0,0,10,23253.17
2024-12-22,Paid_Search,10903.85,128640,7751,10,23253.17
2024-12-23,Direct,0.0,0,0,6,17213.2
2024-12-23,Email,1441.4,11677,1102,6,17213.2
2024-12-23,Facebook_Ads,10228.26,138595,7488,6,17213.2
2024-12-23,Instagram_Ads,8017.68,106165,6243,6,17213.2
2024-12-23,Organic_Search,0.0,0,0,6,17213.2
2024-12-23,Paid_Search,10680.22,117706,7687,6,17213.2
2024-12-24,Direct,0.0,0,0,5,13923.96
2024-12-24,Email,1183.38,14889,925,5,13923.96
2024-12-24,Facebook_Ads,8873.03,84420,2669,5,13923.96
2024-12-24,Instagram_Ads,8033.04,83340,4127,5,13923.96
2024-12-24,Organic_Search,0.0,0,0,5,13923.96
2024-12-24,Paid_Search,9769.86,120719,4702,5,13923.96
2024-12-25,Direct,0.0,0,0,1,4548.07
2024-12-25,Email,539.44,7943,205,1,4548.07
2024-12-25,Facebook_Ads,10119.74,83142,4393,1,4548.07
2024-12-25,Instagram_Ads,5849.45,56249,4309,1,4548.07
2024-12-25,Organic_Search,0.0,0,0,1,4548.07
2024-12-25,Paid_Search,8834.97,109245,3955,1,4548.07
2024-12-26,Direct,0.0,0,0,2,4347.64
2024-12-26,Email,927.07,8893,426,2,4347.64
2024-12-26,Facebook_Ads,11393.32,103077,5056,2,4347.64
2024-12-26,Instagram_Ads,8304.24,108508,4545,2,4347.64
2024-12-26,Organic_Search,0.0,0,0,2,4347.64
2024-12-26,Paid_Search,9356.03,92710,4944,2,4347.64
2024-12-27,Direct,0.0,0,0,0,0.0
2024-12-27,Email,1344.57,12641,841,0,0.0
2024-12-27,Facebook_Ads,7808.11,72116,3597,0,0.0
2024-12-27,Instagram_Ads,6606.8,56573,4002,0,0.0
2024-12-27,Organic_Search,0.0,0,0,0,0.0
2024-12-27,Paid_Search,8564.91,89259,6839,0,0.0
2024-12-28,Direct,0.0,0,0,0,0.0
2024-12-28,Email,867.36,10298,413,0,0.0
2024-12-28,Facebook_Ads,8937.27,88911,4987,0,0.0
2024-12-28,Instagram_Ads,6104.69,83261,2436,0,0.0
2024-12-28,Organic_Search,0.0,0,0,0,0.0
2024-12-28,Paid_Search,6192.64,81610,2116,0,0.0
2024-12-29,Direct,0.0,0,0,0,0.0
2024-12-29,Email,941.44,13445,321,0,0.0
2024-12-29,Facebook_Ads,7538.06,70497,5964,0,0.0
2024-12-29,Instagram_Ads,6751.21,100447,3367,0,0.0
2024-12-29,Organic_Search,0.0,0,0,0,0.0
2024-12-29,Paid_Search,8458.26,124910,4137,0,0.0
2024-12-30,Direct,0.0,0,0,0,0.0
2024-12-30,Email,1184.5,13593,381,0,0.0
2024-12-30,Facebook_Ads,11283.36,119651,7471,0,0.0
2024-12-30,Instagram_Ads,8658.86,125989,3587,0,0.0
2024-12-30,Organic_Search,0.0,0,0,0,0.0
2024-12-30,Paid_Search,13805.29,195904,6385,0,0.0
2024-12-31,Direct,0.0,0,0,0,0.0
2024-12-31,Email,1037.32,14595,389,0,0.0
2024-12-31,Facebook_Ads,11340.62,169998,3636,0,0.0
2024-12-31,Instagram_Ads,7531.15,69819,5235,0,0.0
2024-12-31,Organic_Search,0.0,0,0,0,0.0
2024-12-31,Paid_Search,12901.2,141314,9833,0,0.0
